alter table paciente MODIFY rg_paciente varchar(14);
alter table paciente MODIFY tipo_doacao varchar(6);
alter table doador MODIFY rg_doador varchar(14);
alter table doacao MODIFY rg_paciente varchar(14);
alter table doacao MODIFY rg_doador varchar(14);
alter table sangue drop tipo_sangue;
alter table orgao MODIFY nome_orgao varchar(75);

insert into paciente (rg_paciente, nome, data_nascimento, tipo_doacao, prioridade, tipo_sanguineo, cidade) values
('122.145.297-4', 'Oliver', '1991/7/14', 'Órgão', 2, 'B-', 'Salto'),
('869.177.350-5', 'Eduardo', '2008/5/16', 'Órgão', 2, 'AB+', 'Osasco'),
('476.450.698-0', 'Gustavo', '2007/11/2', 'Órgão', 5, 'O-', 'Rio de Janeiro'),     
('652.223.574-3', 'Breno', '1996/4/17', 'Sangue', 5, 'A+', 'Charqueada'),
('299.781.980-7', 'Miguel', '1957/7/21', 'Sangue', 2, 'B-', 'São Luis'),
('752.998.281-9', 'João Guilherme', '1960/11/30', 'Órgão', 4, 'A-', 'Hortolândia'),
('531.321.249-0', 'Ícaro', '1970/10/14', 'Sangue', 1, 'O+', 'Charqueada'),
('557.652.658-1', 'Agatha', '2012/5/2', 'Sangue', 4, 'AB-', 'Charqueada'),
('965.382.213-2', 'Eloá', '2008/1/8', 'Órgão', 3, 'O-', 'Campinas'),
('383.774.909-5', 'Maria Clara', '1965/7/30', 'Sangue', 1, 'O+', 'Indaiatuba'),    
('791.318.967-3', 'Antonella', '2021/5/31', 'Órgão', 1, 'A-', 'Brasília'),
('594.517.542-0', 'Ayla', '2013/10/1', 'Sangue', 3, 'O+', 'Brotas'),
('880.406.652-5', 'Joaquim', '1996/7/22', 'Órgão', 4, 'A+', 'Indaiatuba'),
('208.316.604-8', 'Thomas', '1982/10/17', 'Órgão', 4, 'A+', 'Montes Claros'),      
('678.437.970-0', 'Alícia', '2001/2/3', 'Órgão', 1, 'A+', 'Gramado'),
('479.365.832-2', 'Breno', '2014/11/19', 'Órgão', 4, 'AB+', 'Curitiba'),
('624.608.358-8', 'Maria', '2013/7/17', 'Sangue', 3, 'B+', 'Salvador'),
('944.349.726-8', 'Yan', '1998/6/4', 'Órgão', 1, 'O-', 'São Paulo'),
('720.581.924-3', 'Matheus', '1957/1/9', 'Órgão', 3, 'B-', 'Juiz de Fora'),        
('408.446.980-2', 'Ravi', '1963/6/15', 'Órgão', 2, 'O-', 'Montes Claros'),
('114.964.849-6', 'Theodoro', '1982/7/28', 'Sangue', 4, 'AB+', 'Gramado'),
('182.308.281-6', 'Ana Luísa', '2018/9/19', 'Órgão', 5, 'O-', 'Campinas'),
('101.221.850-8', 'Catarina', '1973/4/16', 'Órgão', 3, 'O-', 'São Carlos'),        
('149.679.363-7', 'Alícia', '1957/9/22', 'Órgão', 3, 'A-', 'Brasília'),
('270.805.824-8', 'Eduardo', '2019/1/12', 'Órgão', 5, 'AB-', 'Curitiba'),
('873.511.970-7', 'Pedro', '1953/4/5', 'Sangue', 5, 'O+', 'Hortolândia'),
('925.541.735-4', 'Gabriel', '1969/8/16', 'Órgão', 1, 'A+', 'Charqueada'),
('125.625.609-9', 'Mathias', '1968/8/5', 'Sangue', 5, 'A+', 'Gramado'),
('335.755.707-3', 'Rael', '2010/2/26', 'Sangue', 3, 'B-', 'Itabuna'),
('594.617.686-9', 'Isabelly', '1994/2/24', 'Sangue', 2, 'AB+', 'Curitiba'),
('343.939.201-6', 'Liz', '1992/12/12', 'Órgão', 4, 'O-', 'Charqueada'),
('138.317.746-2', 'Francisco', '1969/3/10', 'Órgão', 1, 'B-', 'São Paulo'),
('628.399.530-0', 'Arthur', '1980/3/6', 'Sangue', 2, 'O-', 'São Paulo'),
('548.496.639-9', 'Guilherme', '1982/8/8', 'Sangue', 5, 'B-', 'São Carlos'),
('703.412.278-4', 'MiguelLucca', '2001/7/24', 'Sangue', 5, 'O-', 'Indaiatuba'),
('256.756.696-7', 'Emilly', '1978/6/15', 'Sangue', 4, 'B-', 'Osasco'),
('909.772.204-8', 'Bella', '1995/3/22', 'Órgão', 2, 'A-', 'Curitiba'),
('785.633.168-8', 'Aurora', '1973/8/6', 'Órgão', 2, 'O-', 'Curitiba'),
('185.615.403-5', 'Miguel', '2000/2/22', 'Órgão', 5, 'B+', 'Osasco'),
('514.529.156-0', 'Guilherme', '1966/6/12', 'Sangue', 2, 'B-', 'São Paulo'),
('186.576.705-5', 'Sophia', '1953/6/17', 'Sangue', 5, 'A-', 'Brotas'),
('730.557.579-8', 'Noah', '1969/2/10', 'Órgão', 1, 'O+', 'Curitiba'),
('638.884.130-9', 'Isis', '1960/9/9', 'Órgão', 3, 'B-', 'Brasília'),
('475.516.806-2', 'Bella', '2007/12/9', 'Sangue', 1, 'AB-', 'Salto'),
('584.882.772-0', 'Cauã', '1980/12/13', 'Órgão', 4, 'AB+', 'Indaiatuba'),
('237.987.658-8', 'Giovanna', '1971/1/28', 'Órgão', 2, 'AB-', 'São Paulo'),
('454.376.598-9', 'Enrico', '1996/8/18', 'Órgão', 5, 'B-', 'Juiz de Fora'),
('200.895.896-1', 'Manuela', '1986/1/4', 'Órgão', 2, 'O-', 'Manaus'),
('153.690.514-1', 'João Vitor', '1972/1/24', 'Órgão', 1, 'O-', 'São Carlos'),
('144.126.166-3', 'Sophia', '1981/8/10', 'Sangue', 3, 'O+', 'Brotas'),
('234.574.947-8', 'Mathias', '1985/12/5', 'Sangue', 4, 'AB-', 'Brasília'),
('296.710.644-2', 'Liz', '1975/11/23', 'Órgão', 4, 'A+', 'Salto'),
('854.277.947-5', 'Ana', '1963/4/28', 'Órgão', 2, 'AB+', 'Brotas'),
('296.189.361-9', 'Maitê', '1978/7/2', 'Órgão', 1, 'AB-', 'Campinas'),
('395.802.973-5', 'João Lucas', '1950/10/24', 'Órgão', 1, 'B+', 'Salvador'),
('166.621.156-9', 'Bryan', '1994/2/26', 'Órgão', 2, 'AB-', 'São Paulo'),
('183.829.917-9', 'Miguel', '1998/7/8', 'Sangue', 3, 'AB-', 'Montes Claros'),
('374.880.821-7', 'Maria', '1988/3/7', 'Órgão', 3, 'B-', 'Brasília'),
('856.898.465-5', 'Clara', '1968/7/16', 'Sangue', 4, 'O-', 'Campinas'),
('891.137.795-9', 'Rael', '1953/4/15', 'Sangue', 3, 'B+', 'Montes Claros'),
('735.627.134-8', 'Maria Cecília', '2016/4/6', 'Sangue', 5, 'A+', 'Gramado'),
('141.581.887-5', 'Clara', '2011/10/6', 'Órgão', 5, 'O+', 'Brasília'),
('643.116.146-1', 'Enzo', '1965/6/14', 'Sangue', 3, 'O-', 'Osasco'),
('482.874.651-2', 'Guilherme', '2001/12/4', 'Órgão', 2, 'A-', 'Manaus'),
('388.465.172-3', 'Vinícius', '1998/6/23', 'Órgão', 2, 'A-', 'Osasco'),
('262.405.371-8', 'Gabriela', '1953/12/22', 'Sangue', 4, 'B-', 'Manaus'),
('915.151.598-1', 'Lorenzo', '1985/12/11', 'Sangue', 1, 'B-', 'Goiânia'),
('708.201.442-4', 'Bernardo', '1956/4/10', 'Órgão', 5, 'O+', 'Charqueada'),
('816.577.132-3', 'Cecília', '2009/8/3', 'Sangue', 3, 'AB+', 'Belo Horizonte'),
('464.478.447-8', 'Emanuelly', '1953/8/30', 'Órgão', 1, 'A+', 'Salto'),
('271.978.405-9', 'Júlia', '2021/12/13', 'Órgão', 1, 'O+', 'Andradas'),
('459.802.236-1', 'Maria Luísa', '2018/5/26', 'Órgão', 2, 'B-', 'Andradas'),
('874.635.701-9', 'Stella', '1964/9/15', 'Sangue', 3, 'B+', 'Indaiatuba'),
('498.256.135-1', 'Vitor', '1968/7/6', 'Órgão', 5, 'B+', 'Hortolândia'),
('799.218.639-3', 'Vinícius', '2012/9/21', 'Sangue', 1, 'AB+', 'Manaus'),
('768.366.597-8', 'Derick', '1957/11/12', 'Sangue', 3, 'O+', 'Salto'),
('596.677.569-8', 'Isabella', '1993/4/22', 'Órgão', 5, 'O-', 'Natal'),
('605.985.181-5', 'Gabriel', '1994/9/5', 'Órgão', 5, 'AB-', 'Andradas'),
('612.569.473-7', 'Isabelly', '1963/12/18', 'Sangue', 2, 'B-', 'Indaiatuba'),
('173.599.143-0', 'Isabelly', '1995/12/21', 'Sangue', 2, 'B-', 'Fortaleza'),
('666.498.621-5', 'Maria Luísa', '2010/7/9', 'Sangue', 2, 'B+', 'Andradas'),
('191.746.436-7', 'Lara', '1959/11/2', 'Órgão', 3, 'O-', 'Indaiatuba'),
('647.911.468-7', 'Ana', '1992/4/5', 'Órgão', 2, 'AB-', 'Andradas'),
('719.495.616-9', 'Maitê', '1959/9/22', 'Órgão', 5, 'A+', 'Juiz de Fora'),
('347.412.404-6', 'Clara', '1960/4/4', 'Sangue', 1, 'AB+', 'Belo Horizonte'),
('308.501.230-6', 'Valentina', '1991/1/3', 'Órgão', 4, 'A-', 'Indaiatuba'),
('718.854.825-1', 'Heitor', '1992/12/27', 'Órgão', 5, 'O-', 'Campinas'),
('832.559.996-0', 'Isabella', '1980/9/19', 'Sangue', 5, 'B-', 'Salto'),
('600.446.438-8', 'Beatriz', '2003/7/25', 'Sangue', 3, 'A+', 'Indaiatuba'),
('434.403.898-2', 'Helena', '1950/7/27', 'Sangue', 5, 'A+', 'Charqueada'),
('274.403.163-8', 'Lorenzo', '1963/11/11', 'Sangue', 2, 'A+', 'Gramado'),
('776.693.595-8', 'Maria, Eduarda', '1971/11/22', 'Órgão', 1, 'O+', 'Goiânia'),
('136.350.149-4', 'Ana Luísa', '2002/8/2', 'Órgão', 2, 'A+', 'Juiz de Fora'),
('950.630.813-8', 'MiguelLucca', '1973/9/4', 'Sangue', 5, 'AB-', 'São Luis'),
('109.169.258-8', 'Heloísa', '1965/12/9', 'Órgão', 1, 'O-', 'Brasília'),
('756.698.867-1', 'Murilo', '1992/3/3', 'Sangue', 3, 'A+', 'Andradas'),
('519.777.949-3', 'Vitória', '2012/1/20', 'Sangue', 5, 'B-', 'Juiz de Fora'),
('752.475.703-9', 'Bernardo', '2000/6/16', 'Órgão', 1, 'AB-', 'Juiz de Fora'),
('637.834.282-1', 'Emanuelly', '1977/6/23', 'Sangue', 4, 'B+', 'Montes Claros'),
('244.651.223-7', 'Davi', '2013/4/6', 'Órgão', 1, 'B+', 'Salto'),
('811.971.836-5', 'Noah', '1979/4/13', 'Órgão', 3, 'B+', 'Itabuna'),
('621.404.376-9', 'Agatha', '2020/7/2', 'Sangue', 2, 'B+', 'Indaiatuba'),
('598.946.915-3', 'Francisco', '1951/3/28', 'Sangue', 1, 'A-', 'Brasília'),
('711.763.445-3', 'Rafaela', '2002/5/27', 'Sangue', 4, 'AB-', 'Goiânia'),
('933.154.187-0', 'Benjamin', '1986/11/25', 'Sangue', 1, 'O+', 'Campinas'),
('819.156.808-9', 'Agatha', '1980/7/2', 'Órgão', 5, 'B-', 'Osasco'),
('413.457.546-9', 'Heloísa', '1964/7/10', 'Sangue', 1, 'A-', 'Andradas'),
('629.152.801-2', 'Isis', '1957/8/8', 'Sangue', 5, 'AB+', 'Rio de Janeiro'),
('974.986.965-8', 'Elisa', '2012/8/17', 'Sangue', 5, 'B-', 'Rio de Janeiro'),
('814.554.966-1', 'João', '1967/2/10', 'Sangue', 5, 'B-', 'Hortolândia'),
('524.464.242-1', 'Anthony Gabriel', '1984/4/16', 'Sangue', 3, 'O-', 'Curitiba'),
('377.264.693-0', 'Lucas', '1991/5/6', 'Sangue', 2, 'B+', 'Andradas'),
('216.118.783-3', 'Enzo', '2003/1/1', 'Órgão', 1, 'O+', 'Belo Horizonte'),
('880.341.102-3', 'Theodoro', '1973/1/22', 'Sangue', 1, 'AB+', 'Osasco'),
('339.908.324-2', 'João Lucas', '1973/5/31', 'Sangue', 1, 'O-', 'Juiz de Fora'),
('321.967.667-5', 'João Vitor', '1976/10/2', 'Órgão', 2, 'A-', 'Goiânia'),
('324.651.302-7', 'Ana Luísa', '1994/11/23', 'Sangue', 5, 'O-', 'Gramado'),
('145.178.182-7', 'Erick', '1966/6/11', 'Sangue', 2, 'AB-', 'Gramado'),
('552.903.663-6', 'Maria Helena', '1995/1/16', 'Sangue', 3, 'O-', 'Brotas'),
('663.910.175-2', 'Ana', '1987/2/10', 'Sangue', 4, 'A-', 'Salto'),
('678.684.107-7', 'Maria Vitória', '1970/6/26', 'Sangue', 1, 'A+', 'Manaus'),
('319.283.190-1', 'João', '1995/12/27', 'Órgão', 5, 'A+', 'Rio de Janeiro'),
('175.185.531-7', 'Ravi', '1971/10/15', 'Sangue', 2, 'A+', 'Juiz de Fora'),
('460.778.106-0', 'Ryan', '1984/1/23', 'Órgão', 5, 'AB-', 'Indaiatuba'),
('711.498.484-5', 'Lucas', '1971/11/23', 'Sangue', 2, 'A-', 'Salvador'),
('894.873.660-2', 'Rafael', '1996/10/6', 'Sangue', 3, 'AB+', 'Salto'),
('506.154.117-8', 'Ana', '2016/10/8', 'Órgão', 5, 'AB-', 'São Paulo'),
('822.146.944-9', 'Gabriel', '1981/4/12', 'Sangue', 4, 'A+', 'Salto'),
('465.118.830-8', 'Maria, Eduarda', '2015/6/9', 'Órgão', 1, 'AB+', 'Curitiba'),
('831.485.724-4', 'Theodoro', '1993/11/3', 'Sangue', 1, 'O-', 'São Luis'),
('503.378.341-5', 'Yuri', '2021/12/28', 'Sangue', 5, 'O+', 'São Luis'),
('539.602.390-6', 'Ravi', '2000/7/6', 'Órgão', 3, 'O+', 'Brasília'),
('912.403.550-8', 'Bernardo', '1975/3/27', 'Órgão', 1, 'A+', 'Juiz de Fora'),
('207.355.549-9', 'Vinícius', '2016/8/15', 'Órgão', 1, 'B-', 'Natal'),
('321.181.704-8', 'Pedro', '1960/4/7', 'Órgão', 1, 'A+', 'Campinas'),
('311.692.965-6', 'Ana Luísa', '1952/3/8', 'Órgão', 2, 'B+', 'Curitiba'),
('894.525.157-4', 'Luiz Miguel', '1998/6/24', 'Sangue', 3, 'AB-', 'Charqueada'),
('244.873.179-8', 'Thomas', '1971/10/23', 'Órgão', 2, 'A-', 'Natal'),
('145.868.411-1', 'Ícaro', '1956/2/25', 'Sangue', 4, 'B-', 'Indaiatuba'),
('398.145.682-6', 'Enzo', '1965/9/17', 'Órgão', 5, 'B+', 'Brasília'),
('628.160.806-9', 'Ana Laura', '1990/5/27', 'Órgão', 4, 'B+', 'Gramado'),
('251.633.119-0', 'Ana Laura', '1988/2/2', 'Sangue', 3, 'O+', 'Natal'),
('821.679.149-4', 'Otávio', '1958/6/2', 'Sangue', 1, 'B+', 'Goiânia'),
('930.606.148-8', 'Yan', '2018/3/13', 'Órgão', 1, 'B+', 'Charqueada'),
('849.926.699-4', 'Lara', '2020/5/16', 'Sangue', 2, 'A-', 'Belo Horizonte'),
('554.696.715-4', 'Ana Clara', '1984/10/7', 'Sangue', 2, 'O+', 'Montes Claros'),
('451.263.807-9', 'Laura', '1998/6/30', 'Sangue', 4, 'O-', 'Salto'),
('859.336.338-3', 'Bella', '2003/7/23', 'Sangue', 2, 'AB+', 'Natal'),
('374.303.974-2', 'Anthony Gabriel', '1961/6/4', 'Órgão', 2, 'AB-', 'Juiz de Fora'),
('511.959.190-9', 'Murilo', '1966/9/12', 'Sangue', 3, 'AB-', 'Goiânia'),
('905.313.415-6', 'Emanuelly', '1972/10/21', 'Sangue', 3, 'B+', 'Goiânia'),
('625.989.864-2', 'Apollo', '1998/2/27', 'Sangue', 3, 'O+', 'Belo Horizonte'),
('420.940.561-2', 'Davi Lucas', '1954/8/13', 'Órgão', 3, 'O+', 'Curitiba'),
('968.328.171-1', 'Eduardo', '1959/2/21', 'Sangue', 1, 'AB+', 'São Luis'),
('967.168.294-5', 'Erick', '2011/3/28', 'Sangue', 1, 'O+', 'Belo Horizonte'),
('799.752.648-9', 'Lavínia', '1972/9/29', 'Sangue', 3, 'A-', 'Brotas'),
('701.111.829-0', 'Júlia', '1966/5/19', 'Órgão', 1, 'O+', 'Montes Claros'),
('472.759.390-9', 'Lavínia', '1962/9/24', 'Órgão', 1, 'B+', 'São Luis'),
('685.962.805-7', 'Enrico', '2007/10/13', 'Órgão', 1, 'O+', 'São Carlos'),
('540.697.601-0', 'Valentina', '1964/7/11', 'Órgão', 5, 'AB-', 'Osasco'),
('221.286.449-5', 'Vinícius', '2015/10/28', 'Órgão', 5, 'AB+', 'Natal'),
('717.450.916-4', 'Lucas', '1971/9/28', 'Sangue', 5, 'AB-', 'Belo Horizonte'),
('293.294.853-6', 'Vitor', '1964/3/30', 'Sangue', 3, 'AB+', 'Manaus'),
('404.885.885-8', 'Davi Lucca', '1996/10/3', 'Órgão', 3, 'B-', 'Fortaleza'),
('749.885.309-7', 'Samuel', '1980/3/28', 'Órgão', 1, 'B+', 'Rio de Janeiro'),
('847.752.289-3', 'Valentina', '2000/2/26', 'Órgão', 5, 'AB+', 'Juiz de Fora'),
('652.775.745-8', 'Elisa', '1957/1/15', 'Sangue', 5, 'AB+', 'Salto'),
('867.189.327-7', 'Isadora', '1974/11/22', 'Sangue', 3, 'A-', 'Andradas'),
('210.700.519-4', 'MiguelLucca', '2022/10/27', 'Sangue', 5, 'O-', 'Hortolândia'),
('933.909.197-2', 'Luan', '1986/12/24', 'Sangue', 1, 'B-', 'Montes Claros'),
('149.725.759-0', 'Oliver', '1986/2/3', 'Sangue', 4, 'B+', 'Fortaleza'),
('158.929.161-0', 'Henry', '2005/3/12', 'Sangue', 2, 'A+', 'Montes Claros'),
('912.646.667-6', 'Clara', '1984/11/9', 'Sangue', 3, 'B+', 'Rio de Janeiro'),
('876.903.575-2', 'Lívia', '1983/2/5', 'Sangue', 1, 'B+', 'Itabuna'),
('565.664.469-1', 'Miguel', '1986/7/13', 'Órgão', 5, 'AB-', 'Campinas'),
('456.579.980-1', 'Isadora', '2016/8/15', 'Órgão', 4, 'O+', 'Andradas'),
('185.653.549-1', 'Arthur Miguel', '2019/12/26', 'Órgão', 2, 'B-', 'Rio de Janeiro'),
('367.317.673-6', 'Samuel', '1990/6/17', 'Órgão', 1, 'AB+', 'Itabuna'),
('186.604.879-1', 'Heitor', '2018/12/9', 'Órgão', 3, 'AB-', 'Salto'),
('519.694.760-7', 'Manuela', '1982/8/27', 'Sangue', 2, 'O+', 'Rio de Janeiro'),
('133.787.342-1', 'Isadora', '1976/4/5', 'Sangue', 2, 'AB-', 'Montes Claros'),
('273.832.834-9', 'Eduardo', '1973/10/30', 'Órgão', 4, 'A+', 'São Carlos'),
('307.817.132-5', 'Antonella', '1991/4/16', 'Sangue', 3, 'B+', 'Montes Claros'),
('699.103.645-6', 'Lorenzo', '1994/10/1', 'Sangue', 4, 'A+', 'Brotas'),
('285.279.265-2', 'Elisa', '1965/9/2', 'Sangue', 2, 'O-', 'Itabuna'),
('142.449.996-8', 'Rafaela', '1966/6/10', 'Sangue', 4, 'B-', 'Fortaleza'),
('627.720.839-0', 'Arthur Gabriel', '2002/6/13', 'Sangue', 4, 'O+', 'Campinas'),
('925.341.447-2', 'Giovanna', '1993/5/4', 'Sangue', 4, 'B+', 'Itabuna'),
('704.696.551-6', 'Arthur', '1967/5/10', 'Órgão', 2, 'B+', 'Brasília'),
('797.754.861-8', 'Théo', '1986/9/26', 'Órgão', 2, 'B+', 'Salto'),
('413.490.115-7', 'Maria Helena', '1957/2/4', 'Sangue', 3, 'O-', 'Salto'),
('607.691.226-3', 'Yan', '1956/10/11', 'Sangue', 2, 'B+', 'Andradas'),
('411.439.117-0', 'Derick', '1995/7/23', 'Órgão', 1, 'O-', 'Juiz de Fora'),
('930.258.958-8', 'Miguel', '1991/1/1', 'Sangue', 2, 'O+', 'Rio de Janeiro'),
('516.187.589-5', 'Arthur Miguel', '2020/6/2', 'Órgão', 2, 'A-', 'São Carlos'),
('422.784.881-6', 'Manuela', '1950/4/12', 'Sangue', 2, 'B-', 'Osasco'),
('994.115.320-7', 'Maria Cecília', '1969/10/16', 'Sangue', 5, 'A-', 'São Carlos'),
('123.966.429-5', 'Antonella', '1951/2/21', 'Órgão', 3, 'A+', 'Indaiatuba'),
('373.999.762-6', 'Henry', '1963/4/9', 'Órgão', 5, 'B+', 'São Paulo'),
('438.457.129-9', 'Yuri', '2000/8/30', 'Sangue', 5, 'AB-', 'São Carlos'),
('610.143.269-8', 'Isadora', '1988/7/25', 'Órgão', 2, 'AB+', 'São Paulo'),
('955.827.615-0', 'Esther', '2021/2/3', 'Órgão', 5, 'AB+', 'Gramado'),
('416.323.679-3', 'Luan', '2002/5/24', 'Sangue', 4, 'O-', 'Indaiatuba'),
('197.687.721-1', 'Aurora', '1990/9/13', 'Órgão', 5, 'A+', 'Juiz de Fora'),
('317.402.600-6', 'Catarina', '1994/3/15', 'Sangue', 3, 'AB-', 'Brasília'),
('100.858.315-2', 'Laura', '1953/4/3', 'Órgão', 2, 'B+', 'Montes Claros'),
('496.812.231-4', 'Laura', '1984/8/2', 'Sangue', 3, 'A-', 'Manaus'),
('919.719.905-2', 'Augusto', '1979/9/25', 'Órgão', 1, 'AB-', 'Hortolândia'),
('449.991.418-3', 'Eduardo', '1971/2/14', 'Sangue', 5, 'AB+', 'Belo Horizonte'),
('271.777.980-4', 'Isabella', '2006/4/6', 'Órgão', 4, 'B-', 'Rio de Janeiro'),
('506.678.553-9', 'Samuel', '1954/7/15', 'Órgão', 1, 'B+', 'Charqueada'),
('348.895.978-1', 'Vinícius', '2011/11/22', 'Órgão', 4, 'AB+', 'Andradas'),
('219.428.753-8', 'Liz', '1994/4/10', 'Órgão', 4, 'O+', 'Curitiba'),
('585.486.925-8', 'Maria Luísa', '1982/10/29', 'Sangue', 3, 'O+', 'Andradas'),
('323.561.500-6', 'Yasmin', '2002/11/21', 'Órgão', 2, 'AB+', 'Curitiba'),
('685.681.302-2', 'Allana', '1951/8/15', 'Sangue', 4, 'AB-', 'Indaiatuba'),
('428.889.628-0', 'Nathan', '1998/11/8', 'Sangue', 1, 'B+', 'Gramado'),
('211.118.602-8', 'Lavínia', '1961/6/25', 'Órgão', 5, 'B+', 'Osasco'),
('954.817.340-5', 'Thiago', '2013/9/18', 'Sangue', 4, 'AB+', 'Brotas'),
('422.623.527-5', 'Melissa', '1969/5/29', 'Órgão', 3, 'O-', 'Montes Claros'),
('329.472.240-5', 'Allana', '1967/8/4', 'Órgão', 5, 'A+', 'Brasília'),
('922.535.818-8', 'Benjamin', '1993/11/16', 'Sangue', 5, 'A+', 'Montes Claros'),
('104.878.136-7', 'Davi', '1952/11/23', 'Órgão', 5, 'A+', 'Manaus'),
('307.201.100-8', 'Agatha', '2006/5/16', 'Sangue', 3, 'A-', 'Curitiba'),
('268.658.743-9', 'Antonella', '2020/8/2', 'Sangue', 4, 'AB-', 'Indaiatuba'),
('574.518.769-0', 'Arthur', '2016/12/31', 'Sangue', 2, 'B-', 'Andradas'),
('220.669.206-0', 'Maitê', '1976/6/19', 'Órgão', 1, 'AB+', 'Salto'),
('732.961.257-9', 'Antonella', '2003/3/21', 'Sangue', 3, 'A+', 'Fortaleza'),
('942.793.619-2', 'Elisa', '2011/12/13', 'Sangue', 3, 'O-', 'São Paulo'),
('422.310.721-0', 'Theodoro', '2007/11/1', 'Sangue', 3, 'O+', 'Brasília'),
('202.171.810-7', 'Rafael', '2003/1/8', 'Órgão', 1, 'O-', 'Goiânia'),
('912.673.181-4', 'Felipe', '1983/12/8', 'Órgão', 5, 'AB+', 'Curitiba'),
('240.795.146-4', 'Milena', '1984/3/25', 'Sangue', 2, 'A-', 'Rio de Janeiro'),
('221.121.829-9', 'Benjamin', '1959/5/21', 'Sangue', 1, 'AB+', 'Belo Horizonte'),
('315.359.516-6', 'Theodoro', '2009/7/22', 'Órgão', 3, 'AB-', 'Brotas'),
('206.936.445-8', 'Elisa', '2011/4/6', 'Órgão', 2, 'B+', 'Charqueada'),
('876.191.656-6', 'Rebeca', '1953/4/2', 'Órgão', 4, 'B+', 'Andradas'),
('345.676.561-2', 'Derick', '1988/12/18', 'Sangue', 1, 'AB-', 'Brotas'),
('881.558.694-1', 'Noah', '1985/3/22', 'Sangue', 1, 'B-', 'Montes Claros'),
('641.944.211-8', 'Vitor', '1971/2/9', 'Sangue', 1, 'B-', 'Itabuna'),
('968.485.432-2', 'Vitor', '1955/12/2', 'Sangue', 5, 'A+', 'Itabuna'),
('909.725.610-8', 'Erick', '1952/10/9', 'Órgão', 3, 'B+', 'Brotas'),
('175.906.679-0', 'Gustavo', '1995/5/11', 'Sangue', 2, 'O-', 'Curitiba'),
('330.201.392-6', 'Francisco', '1950/5/31', 'Sangue', 5, 'A-', 'São Carlos'),
('897.129.772-6', 'Lara', '1969/6/4', 'Órgão', 3, 'B-', 'Andradas'),
('561.575.238-0', 'Cecília', '1998/10/19', 'Sangue', 4, 'A+', 'Hortolândia'),
('718.200.618-9', 'Ana Laura', '1959/10/31', 'Órgão', 4, 'O-', 'São Paulo'),
('821.804.588-2', 'Heitor', '2015/10/30', 'Sangue', 4, 'AB-', 'Indaiatuba'),
('629.106.489-5', 'Vitória', '1971/12/7', 'Órgão', 2, 'B+', 'Itabuna'),
('811.450.374-1', 'Lucas', '1992/9/29', 'Órgão', 5, 'O-', 'Juiz de Fora'),
('702.648.496-5', 'Valentina', '1989/7/11', 'Órgão', 4, 'A+', 'Manaus'),
('112.684.307-0', 'Antonella', '1968/10/17', 'Órgão', 3, 'O+', 'São Luis'),
('857.801.618-3', 'Allana', '2008/6/14', 'Órgão', 3, 'O-', 'Salto'),
('279.550.580-0', 'Arthur', '2001/10/30', 'Órgão', 1, 'AB-', 'Gramado'),
('297.932.494-2', 'Helena', '2003/5/18', 'Órgão', 1, 'AB+', 'São Luis'),
('140.816.499-0', 'Ravi', '1992/2/5', 'Órgão', 2, 'A+', 'Campinas'),
('353.579.929-0', 'Augusto', '1976/1/17', 'Sangue', 2, 'O+', 'Itabuna'),
('462.381.742-3', 'Otávio', '1956/1/19', 'Sangue', 2, 'A+', 'Hortolândia'),
('813.436.139-9', 'Cecília', '2018/3/17', 'Órgão', 2, 'A-', 'Campinas'),
('628.782.513-5', 'Arthur Miguel', '2002/8/24', 'Órgão', 4, 'AB-', 'Indaiatuba'),
('590.605.993-1', 'Luísa', '1952/6/2', 'Sangue', 3, 'A+', 'Itabuna'),
('240.793.195-8', 'Davi Lucca', '1967/7/27', 'Órgão', 3, 'A+', 'Brotas'),
('534.282.364-3', 'Heloísa', '2021/6/21', 'Órgão', 4, 'O+', 'Indaiatuba'),
('469.863.951-0', 'Arthur', '1992/2/8', 'Sangue', 4, 'O+', 'Rio de Janeiro'),
('528.237.150-8', 'Elisa', '2021/8/27', 'Sangue', 1, 'O-', 'Rio de Janeiro'),
('275.548.671-4', 'Murilo', '1992/1/31', 'Órgão', 3, 'O-', 'Charqueada'),
('235.960.865-7', 'Apollo', '1968/5/30', 'Sangue', 2, 'A-', 'Indaiatuba'),
('747.329.231-0', 'Giovanna', '1972/7/16', 'Órgão', 1, 'O+', 'Montes Claros'),
('256.141.568-2', 'Murilo', '1993/1/31', 'Sangue', 2, 'B+', 'Gramado'),
('429.892.286-2', 'Yasmin', '2014/7/19', 'Sangue', 3, 'AB+', 'Campinas'),
('692.591.484-6', 'Pedro', '1962/3/3', 'Órgão', 2, 'AB-', 'Charqueada'),
('138.156.523-4', 'Henry', '1993/7/29', 'Órgão', 2, 'O-', 'Salvador'),
('478.762.106-8', 'Gabriel', '1963/8/23', 'Órgão', 5, 'B-', 'Salto'),
('973.616.389-7', 'Davi Lucca', '2017/9/13', 'Órgão', 1, 'A-', 'Natal'),
('331.281.220-8', 'Helena', '2010/12/15', 'Sangue', 1, 'B+', 'Manaus'),
('231.862.328-7', 'Luiz Miguel', '2010/3/23', 'Órgão', 2, 'AB+', 'Fortaleza'),
('598.296.697-1', 'Lucas', '2012/4/28', 'Órgão', 1, 'B-', 'Brasília'),
('911.272.592-0', 'Catarina', '1966/11/13', 'Sangue', 3, 'B+', 'Goiânia'),
('373.617.634-9', 'Clara', '1986/4/3', 'Órgão', 4, 'A-', 'Fortaleza'),
('379.818.949-4', 'Lavínia', '1978/1/1', 'Sangue', 1, 'A+', 'Rio de Janeiro'),
('633.803.402-7', 'Vitor', '1962/3/17', 'Sangue', 2, 'B+', 'Belo Horizonte'),
('557.439.895-8', 'Thiago', '1979/12/1', 'Órgão', 5, 'B-', 'Rio de Janeiro'),
('999.803.887-9', 'José', '2011/11/26', 'Órgão', 5, 'A+', 'Brotas'),
('797.614.125-9', 'Eloá', '1988/6/10', 'Sangue', 4, 'O-', 'Goiânia'),
('143.636.733-6', 'Samuel', '1985/6/24', 'Sangue', 2, 'A+', 'Montes Claros'),
('813.192.229-2', 'Benício', '1982/7/9', 'Órgão', 4, 'A-', 'Gramado'),
('993.577.237-4', 'Davi Lucas', '1960/11/7', 'Sangue', 5, 'AB+', 'Salvador'),
('459.240.322-7', 'Liz', '1976/7/19', 'Sangue', 3, 'AB+', 'Hortolândia'),
('714.143.260-0', 'Guilherme', '2008/5/2', 'Sangue', 2, 'A+', 'Curitiba'),
('883.870.426-0', 'Yasmin', '1962/6/2', 'Sangue', 1, 'B+', 'Charqueada'),
('512.795.807-4', 'Catarina', '2019/8/3', 'Órgão', 4, 'O+', 'Campinas'),
('608.507.324-9', 'Aurora', '2005/6/8', 'Sangue', 3, 'O+', 'Brasília'),
('309.914.357-2', 'Mirella', '1998/4/28', 'Órgão', 1, 'B-', 'São Paulo'),
('629.966.590-9', 'Felipe', '1974/10/30', 'Órgão', 5, 'O-', 'Fortaleza'),
('238.256.262-4', 'Vinícius', '2000/9/13', 'Sangue', 1, 'AB-', 'Charqueada'),
('892.561.409-3', 'Ravi', '1950/8/11', 'Órgão', 1, 'A+', 'Gramado'),
('380.577.437-5', 'Yan', '2011/5/18', 'Órgão', 2, 'A-', 'Campinas'),
('209.111.360-4', 'Anthony Gabriel', '1976/12/29', 'Sangue', 5, 'A+', 'São Luis'),
('798.731.894-2', 'Theodoro', '1993/2/20', 'Sangue', 5, 'AB+', 'Goiânia'),
('304.651.599-9', 'Noah', '1964/6/6', 'Órgão', 3, 'A-', 'Rio de Janeiro'),
('293.394.651-0', 'Davi Lucca', '1964/1/17', 'Órgão', 3, 'B+', 'São Luis'),
('470.605.746-0', 'Luiz Miguel', '1962/10/11', 'Órgão', 2, 'O+', 'Goiânia'),
('895.132.145-8', 'Isadora', '1990/10/20', 'Órgão', 3, 'AB+', 'Rio de Janeiro'),
('597.992.571-1', 'Eloá', '1984/7/6', 'Sangue', 3, 'A-', 'Juiz de Fora'),
('783.987.307-1', 'Lorenzo', '2017/10/23', 'Órgão', 2, 'B+', 'São Luis'),
('711.489.838-7', 'Stella', '1984/7/12', 'Sangue', 3, 'A+', 'Campinas'),
('205.322.114-0', 'Maria Clara', '1965/10/31', 'Sangue', 4, 'B+', 'São Luis'),
('486.752.240-3', 'Lavínia', '2001/9/6', 'Sangue', 2, 'B+', 'Gramado'),
('443.206.752-4', 'Arthur Miguel', '2009/7/3', 'Órgão', 3, 'O+', 'Juiz de Fora'),
('133.241.202-3', 'Ícaro', '1957/6/10', 'Sangue', 3, 'A+', 'Andradas'),
('908.915.264-3', 'Samuel', '2015/4/16', 'Sangue', 4, 'AB-', 'Belo Horizonte'),
('253.767.172-0', 'Joaquim', '1954/1/8', 'Órgão', 1, 'AB-', 'Juiz de Fora'),
('350.279.844-8', 'Luan', '1973/9/9', 'Sangue', 2, 'A-', 'Salto'),
('949.521.809-6', 'Sarah', '2014/3/9', 'Órgão', 2, 'O-', 'Natal'),
('796.512.759-5', 'Ryan', '1964/8/13', 'Sangue', 4, 'AB+', 'São Paulo'),
('839.621.917-8', 'Stella', '1976/3/11', 'Sangue', 2, 'A+', 'Charqueada'),
('774.527.669-0', 'Nathan', '1973/12/12', 'Sangue', 4, 'B+', 'Salvador'),
('697.820.572-0', 'Maria Luísa', '1970/6/2', 'Sangue', 1, 'B+', 'Hortolândia'),
('480.545.573-1', 'Felipe', '1984/10/22', 'Órgão', 4, 'AB-', 'Hortolândia'),
('275.420.275-2', 'Liz', '1959/7/12', 'Sangue', 4, 'O+', 'Curitiba'),
('651.128.136-2', 'Augusto', '1958/9/23', 'Sangue', 4, 'A-', 'São Carlos'),
('769.534.154-8', 'Ryan', '1998/1/19', 'Órgão', 2, 'B-', 'Gramado'),
('280.856.341-4', 'Lorenzo', '1999/10/27', 'Órgão', 4, 'A+', 'São Paulo'),
('307.299.911-4', 'Aurora', '2015/4/19', 'Órgão', 4, 'A+', 'Goiânia'),
('535.218.713-7', 'Thomas', '1957/8/28', 'Órgão', 2, 'A+', 'Gramado'),
('618.224.652-9', 'Aurora', '2020/11/7', 'Órgão', 4, 'AB+', 'Salvador'),
('346.998.221-0', 'Rebeca', '1963/4/12', 'Órgão', 1, 'O+', 'Salvador'),
('993.762.179-4', 'Oliver', '2013/10/19', 'Órgão', 1, 'O+', 'Montes Claros'),
('857.638.322-9', 'Aurora', '2020/4/21', 'Órgão', 4, 'B+', 'Fortaleza'),
('848.250.444-5', 'Lucas', '1989/10/2', 'Órgão', 3, 'B-', 'Goiânia'),
('786.225.437-5', 'Aurora', '1988/10/27', 'Sangue', 5, 'B-', 'São Carlos'),
('669.374.295-6', 'Rafaela', '2021/7/14', 'Órgão', 3, 'B+', 'Fortaleza'),
('109.705.950-2', 'João Gabriel', '1981/5/19', 'Órgão', 2, 'A-', 'São Paulo'),
('714.444.774-3', 'Melissa', '2022/10/22', 'Sangue', 2, 'B+', 'São Luis'),
('997.359.729-5', 'Rael', '1979/10/14', 'Órgão', 5, 'A+', 'Salto'),
('516.847.816-1', 'Eduardo', '1994/7/3', 'Sangue', 4, 'O+', 'Goiânia'),
('195.370.464-6', 'Helena', '1976/12/24', 'Sangue', 3, 'AB+', 'Manaus'),
('329.265.878-7', 'Catarina', '1984/4/8', 'Órgão', 3, 'A-', 'Belo Horizonte'),
('770.781.618-4', 'Davi Lucas', '2020/2/16', 'Órgão', 5, 'O-', 'Itabuna'),
('791.539.542-0', 'Theodoro', '1990/3/15', 'Sangue', 3, 'AB+', 'Natal'),
('340.382.915-8', 'Rafaela', '2009/3/8', 'Órgão', 5, 'B-', 'Salto'),
('686.436.981-0', 'Eduardo', '1979/1/12', 'Sangue', 1, 'B-', 'Charqueada'),
('302.676.499-9', 'Bella', '1958/8/14', 'Sangue', 1, 'B-', 'Goiânia'),
('185.187.599-1', 'Milena', '1970/12/21', 'Sangue', 3, 'AB+', 'Indaiatuba'),
('573.569.899-3', 'Eloá', '1983/10/30', 'Sangue', 1, 'AB+', 'Curitiba'),
('625.265.483-7', 'Enrico', '1963/12/5', 'Órgão', 1, 'AB-', 'Salto'),
('180.234.264-6', 'Arthur', '1969/3/5', 'Órgão', 5, 'A-', 'Brotas'),
('289.226.750-9', 'Matheus', '2003/2/24', 'Órgão', 5, 'A+', 'São Carlos'),
('289.804.427-2', 'Eduardo', '2020/8/9', 'Órgão', 1, 'O+', 'Rio de Janeiro'),
('892.755.491-7', 'Isaac', '1961/4/4', 'Sangue', 5, 'A+', 'Campinas'),
('615.290.359-5', 'Nathan', '1972/1/8', 'Órgão', 3, 'B-', 'Montes Claros'),
('957.841.576-7', 'Vitor', '2010/8/22', 'Órgão', 1, 'B-', 'Indaiatuba'),
('408.303.347-5', 'Matheus', '1985/11/6', 'Sangue', 4, 'B+', 'Salto'),
('540.900.904-8', 'Théo', '2003/4/4', 'Sangue', 4, 'A-', 'Montes Claros'),
('387.757.541-3', 'Isadora', '1972/5/11', 'Sangue', 3, 'A+', 'Andradas'),
('125.693.167-8', 'Olívia', '2016/5/4', 'Órgão', 3, 'B+', 'Salvador'),
('213.683.631-4', 'Yasmin', '2005/8/29', 'Órgão', 1, 'A+', 'Osasco'),
('631.804.684-4', 'Caio', '2003/7/5', 'Órgão', 3, 'O+', 'Curitiba'),
('566.962.114-8', 'Erick', '1972/8/14', 'Órgão', 5, 'A+', 'São Carlos'),
('434.618.373-1', 'Esther', '2016/9/7', 'Sangue', 4, 'B-', 'Montes Claros'),
('648.615.422-8', 'Otávio', '1988/8/24', 'Sangue', 1, 'A-', 'Juiz de Fora'),
('902.714.577-8', 'Milena', '2006/12/4', 'Sangue', 1, 'O-', 'Brasília'),
('364.471.978-8', 'João Gabriel', '2008/8/14', 'Sangue', 3, 'AB-', 'Indaiatuba'),
('256.980.590-6', 'Yuri', '1956/8/11', 'Sangue', 2, 'A+', 'Juiz de Fora'),
('541.900.212-0', 'Derick', '2018/8/23', 'Sangue', 4, 'O-', 'Montes Claros'),
('334.751.827-7', 'Gabriel', '2007/12/11', 'Órgão', 5, 'AB-', 'Belo Horizonte'),
('619.595.591-2', 'Manuela', '1980/10/4', 'Órgão', 5, 'AB+', 'São Paulo'),
('673.812.457-5', 'Vitor', '1978/2/27', 'Sangue', 4, 'O-', 'Manaus'),
('349.491.509-2', 'Arthur Miguel', '2015/6/18', 'Sangue', 5, 'B+', 'Belo Horizonte'),
('633.228.219-7', 'Júlia', '1970/9/9', 'Sangue', 4, 'A+', 'Montes Claros'),
('462.706.702-7', 'Caio', '1988/4/24', 'Órgão', 4, 'O+', 'Goiânia'),
('786.446.295-7', 'João', '1995/11/6', 'Sangue', 3, 'AB+', 'Salvador'),
('326.564.607-7', 'Erick', '2003/4/2', 'Sangue', 2, 'B+', 'São Paulo'),
('236.911.407-8', 'Erick', '1992/10/1', 'Sangue', 3, 'O-', 'Belo Horizonte'),
('955.192.672-5', 'João', '1999/4/30', 'Órgão', 2, 'A+', 'Brotas'),
('338.727.606-4', 'Felipe', '1969/1/26', 'Sangue', 3, 'O-', 'Natal'),
('847.163.390-0', 'Lara', '1992/9/10', 'Órgão', 4, 'A+', 'Gramado'),
('342.649.811-8', 'Maria', '2003/11/6', 'Sangue', 4, 'A-', 'Itabuna'),
('845.649.820-8', 'Guilherme', '1991/8/9', 'Sangue', 4, 'AB+', 'Manaus'),
('352.900.909-7', 'Heitor', '1987/12/26', 'Sangue', 5, 'AB-', 'Juiz de Fora'),
('593.567.351-2', 'Valentim', '2003/3/13', 'Órgão', 3, 'B-', 'Juiz de Fora'),
('935.114.574-9', 'Gabriela', '1993/4/16', 'Sangue', 4, 'B-', 'Charqueada'),
('909.342.863-4', 'Bryan', '1999/7/4', 'Órgão', 1, 'AB+', 'Indaiatuba'),
('102.380.739-1', 'Luan', '1980/1/27', 'Órgão', 3, 'B+', 'Manaus'),
('115.428.329-4', 'Augusto', '1965/11/1', 'Sangue', 3, 'B+', 'São Paulo'),
('497.899.286-0', 'Ana Liz', '1959/9/3', 'Órgão', 2, 'O-', 'Itabuna'),
('216.741.941-2', 'Rebeca', '2021/4/15', 'Órgão', 3, 'B+', 'Goiânia'),
('462.583.816-5', 'Olívia', '1975/8/5', 'Órgão', 5, 'AB+', 'Campinas'),
('916.199.426-8', 'Manuela', '2009/4/13', 'Órgão', 3, 'AB+', 'Montes Claros'),
('473.358.479-0', 'Mathias', '1990/11/13', 'Órgão', 4, 'O-', 'Itabuna'),
('579.198.621-6', 'Enrico', '1963/2/11', 'Sangue', 1, 'A-', 'São Paulo'),
('443.720.401-2', 'Maria Júlia', '2003/12/9', 'Órgão', 5, 'B-', 'Itabuna'),
('685.731.719-7', 'João', '2021/3/14', 'Órgão', 1, 'AB+', 'Campinas'),
('310.621.759-7', 'Bella', '1953/7/25', 'Sangue', 4, 'AB+', 'Juiz de Fora'),
('215.127.204-6', 'Helena', '1958/1/30', 'Sangue', 1, 'O+', 'Montes Claros'),
('687.442.969-9', 'Rael', '2019/8/28', 'Sangue', 2, 'AB+', 'São Carlos'),
('709.176.970-0', 'Vinícius', '2006/8/17', 'Órgão', 4, 'A+', 'São Carlos'),
('618.472.874-9', 'Henry', '2000/1/23', 'Órgão', 2, 'A-', 'Rio de Janeiro'),
('859.257.172-3', 'Mariana', '1953/1/8', 'Sangue', 4, 'AB-', 'Andradas'),
('885.453.460-4', 'Ana Clara', '1984/3/28', 'Órgão', 4, 'B-', 'Juiz de Fora'),
('150.567.239-2', 'Stella', '1964/9/11', 'Sangue', 2, 'A+', 'Natal'),
('296.215.161-6', 'Theodoro', '1957/2/15', 'Sangue', 3, 'AB-', 'Montes Claros'),
('611.585.688-4', 'Emanuelly', '1962/4/27', 'Sangue', 4, 'O+', 'Itabuna'),
('244.341.456-1', 'Derick', '2013/12/1', 'Órgão', 2, 'O+', 'Goiânia'),
('102.416.588-9', 'Lavínia', '1960/4/12', 'Órgão', 1, 'A-', 'Charqueada'),
('169.246.384-7', 'Guilherme', '2014/9/2', 'Sangue', 5, 'O-', 'Charqueada'),
('571.365.673-4', 'Heloísa', '2013/7/23', 'Órgão', 5, 'AB-', 'Brotas'),
('572.286.939-3', 'Vitória', '1966/12/20', 'Órgão', 3, 'O+', 'Indaiatuba'),
('628.368.828-1', 'Vitor', '1992/4/4', 'Sangue', 3, 'O+', 'Indaiatuba'),
('616.899.213-7', 'Beatriz', '1962/4/29', 'Órgão', 2, 'O-', 'São Paulo'),
('261.625.988-4', 'Eloá', '2004/3/14', 'Órgão', 1, 'A+', 'Indaiatuba'),
('864.970.385-7', 'Ana Laura', '2009/10/3', 'Órgão', 1, 'O+', 'Fortaleza'),
('813.767.354-8', 'Heitor', '2004/5/9', 'Órgão', 2, 'AB+', 'Charqueada'),
('166.904.658-1', 'Breno', '1952/10/19', 'Sangue', 5, 'A-', 'Salto'),
('275.546.339-0', 'Isis', '1981/10/23', 'Sangue', 4, 'O+', 'Gramado'),
('775.117.251-7', 'Thiago', '1967/9/14', 'Órgão', 2, 'AB-', 'São Carlos'),
('938.922.564-9', 'Yan', '1960/8/22', 'Sangue', 3, 'AB+', 'Goiânia'),
('939.294.251-8', 'Yasmin', '1959/6/21', 'Órgão', 2, 'AB-', 'Montes Claros'),
('598.898.362-9', 'Elisa', '2008/3/14', 'Órgão', 4, 'O-', 'Montes Claros'),
('867.453.857-7', 'Liz', '1965/11/9', 'Órgão', 1, 'AB-', 'Salto'),
('837.402.805-1', 'Yasmin', '1953/3/13', 'Sangue', 5, 'AB+', 'Itabuna'),
('575.616.496-6', 'Stella', '1973/10/25', 'Órgão', 3, 'O-', 'Brotas'),
('214.435.698-7', 'Aurora', '2008/2/7', 'Sangue', 2, 'B-', 'Curitiba'),
('642.387.617-4', 'Giovanna', '1952/11/9', 'Sangue', 4, 'AB-', 'Charqueada'),
('980.841.947-0', 'Vitor', '1971/8/4', 'Sangue', 2, 'O-', 'Andradas'),
('228.179.808-9', 'Stella', '2018/11/9', 'Órgão', 1, 'AB-', 'Hortolândia'),
('301.644.441-1', 'Luan', '1957/3/10', 'Órgão', 4, 'A-', 'São Luis'),
('926.596.679-5', 'Clara', '1994/8/10', 'Órgão', 4, 'AB-', 'Montes Claros'),
('312.197.633-7', 'Maria Cecília', '1951/12/22', 'Sangue', 5, 'AB+', 'Brasília'),
('158.666.829-0', 'Cecília', '2021/5/4', 'Sangue', 5, 'B+', 'Charqueada'),
('694.538.904-6', 'Thomas', '1986/6/15', 'Órgão', 3, 'AB+', 'Campinas'),
('281.890.415-4', 'Davi', '1997/9/30', 'Sangue', 1, 'O-', 'Osasco'),
('220.740.243-3', 'Enzo', '1964/3/28', 'Sangue', 1, 'B+', 'Campinas'),
('946.846.224-7', 'Matheus', '2001/9/30', 'Sangue', 3, 'B-', 'São Paulo'),
('330.592.837-3', 'Rafaela', '2009/2/24', 'Órgão', 2, 'AB+', 'Indaiatuba'),
('897.129.300-3', 'Cauã', '1997/7/24', 'Sangue', 1, 'AB-', 'Osasco'),
('938.717.702-8', 'Miguel', '1984/9/19', 'Órgão', 4, 'O+', 'Brasília'),
('170.841.204-3', 'Marina', '1963/2/13', 'Órgão', 1, 'AB+', 'Andradas'),
('692.228.355-3', 'Clara', '1977/6/9', 'Sangue', 2, 'O-', 'Brasília'),
('308.758.158-4', 'Bella', '2010/6/23', 'Sangue', 4, 'AB+', 'Natal'),
('634.732.567-1', 'Ana', '1998/5/11', 'Sangue', 2, 'B-', 'Gramado'),
('361.698.968-9', 'Ana Laura', '1984/7/11', 'Órgão', 4, 'AB-', 'Osasco'),
('393.174.434-8', 'Henrique', '1957/10/4', 'Sangue', 3, 'AB+', 'Natal'),
('814.318.915-1', 'Caio', '1971/8/15', 'Sangue', 4, 'O-', 'Hortolândia'),
('735.555.810-2', 'Ana Clara', '1973/1/31', 'Órgão', 3, 'O+', 'Manaus'),
('360.227.461-8', 'Valentim', '1951/4/14', 'Órgão', 4, 'B-', 'Brotas'),
('995.684.624-8', 'Felipe', '1952/7/20', 'Órgão', 2, 'B-', 'Natal'),
('404.346.475-7', 'Derick', '1951/8/22', 'Sangue', 3, 'O+', 'Indaiatuba'),
('159.704.631-3', 'Guilherme', '1973/2/10', 'Sangue', 1, 'O-', 'Indaiatuba'),
('703.579.708-2', 'Yasmin', '1950/7/14', 'Sangue', 3, 'AB+', 'Salto'),
('410.613.529-8', 'Anthony Gabriel', '2021/2/21', 'Órgão', 3, 'AB-', 'Indaiatuba'),
('198.957.249-6', 'Miguel', '2002/10/7', 'Sangue', 1, 'B+', 'Andradas'),
('884.940.733-7', 'Felipe', '1986/7/13', 'Órgão', 3, 'O-', 'Osasco'),
('990.576.848-9', 'Yuri', '1974/8/31', 'Sangue', 3, 'O-', 'Itabuna'),
('664.127.658-9', 'Thiago', '1955/4/10', 'Sangue', 4, 'O-', 'Osasco'),
('866.146.459-8', 'Nicole', '1991/3/23', 'Órgão', 4, 'AB+', 'Charqueada'),
('214.594.523-1', 'Eloá', '1998/9/7', 'Sangue', 3, 'A-', 'Hortolândia'),
('375.436.474-4', 'Enzo', '1989/2/28', 'Órgão', 4, 'B-', 'Hortolândia'),
('836.279.455-6', 'Caio', '2013/10/2', 'Sangue', 3, 'A-', 'Salvador'),
('561.568.504-1', 'Otávio', '2003/8/28', 'Órgão', 5, 'A-', 'Montes Claros'),
('825.791.650-1', 'Nathan', '1977/10/27', 'Órgão', 5, 'AB+', 'Gramado'),
('254.758.282-9', 'Manuela', '2000/3/14', 'Sangue', 4, 'A-', 'Gramado'),
('837.964.758-6', 'Beatriz', '2010/11/25', 'Sangue', 4, 'B+', 'Osasco'),
('913.220.211-9', 'Maya', '2021/2/8', 'Órgão', 3, 'B+', 'São Luis'),
('628.579.779-5', 'Vinícius', '1976/9/8', 'Órgão', 3, 'B+', 'Brasília'),
('546.496.769-2', 'Heitor', '1964/8/21', 'Sangue', 4, 'O-', 'Montes Claros'),
('589.360.607-1', 'Miguel', '2007/6/30', 'Sangue', 5, 'A+', 'Salvador'),
('464.723.848-3', 'Manuela', '2022/10/21', 'Órgão', 3, 'B-', 'Itabuna'),
('861.686.711-6', 'Henry', '2011/11/26', 'Sangue', 2, 'A+', 'Andradas'),
('180.636.659-6', 'Júlia', '1971/6/10', 'Órgão', 1, 'AB-', 'Itabuna'),
('300.515.537-5', 'Catarina', '1970/5/22', 'Órgão', 4, 'A+', 'Salvador'),
('672.238.177-4', 'Ana Júlia', '1989/12/28', 'Sangue', 5, 'B-', 'Campinas'),
('978.156.474-0', 'Gabriela', '2007/6/21', 'Órgão', 5, 'AB-', 'Montes Claros'),
('704.190.258-9', 'Benício', '1999/3/25', 'Sangue', 4, 'A+', 'Andradas'),
('969.567.331-3', 'Maria Clara', '1962/12/23', 'Sangue', 3, 'AB-', 'São Paulo'),
('289.791.977-0', 'Maitê', '2003/2/25', 'Órgão', 1, 'AB-', 'Indaiatuba'),
('791.284.256-9', 'Luna', '1991/11/6', 'Órgão', 4, 'A+', 'Natal'),
('204.414.714-4', 'Thomas', '1993/2/27', 'Órgão', 1, 'AB+', 'Montes Claros'),
('204.373.174-7', 'Noah', '1965/1/19', 'Sangue', 5, 'A-', 'Hortolândia'),
('613.875.437-8', 'Isaac', '1993/12/8', 'Órgão', 5, 'A+', 'Campinas'),
('642.971.225-3', 'Catarina', '1994/4/15', 'Sangue', 2, 'B+', 'Manaus'),
('511.562.870-2', 'Maria', '1956/4/1', 'Sangue', 2, 'AB-', 'Rio de Janeiro'),
('174.265.799-9', 'Heloísa', '1997/9/25', 'Órgão', 3, 'O-', 'Curitiba'),
('239.650.230-1', 'Ana Júlia', '1966/1/2', 'Sangue', 1, 'O-', 'Juiz de Fora'),
('409.622.967-0', 'Gabriela', '1990/5/23', 'Sangue', 5, 'B-', 'Indaiatuba'),
('629.820.179-6', 'Alícia', '1988/4/9', 'Sangue', 4, 'O+', 'Andradas'),
('213.207.596-6', 'Heloísa', '2008/2/27', 'Órgão', 4, 'B+', 'Belo Horizonte'),
('761.703.304-2', 'Guilherme', '1957/12/26', 'Órgão', 2, 'O+', 'Belo Horizonte'),
('936.498.730-6', 'Sarah', '1995/12/29', 'Sangue', 5, 'AB+', 'Charqueada'),
('616.321.671-5', 'Murilo', '1995/2/28', 'Órgão', 3, 'O+', 'Itabuna'),
('263.335.340-4', 'Beatriz', '1963/3/2', 'Órgão', 3, 'B+', 'Juiz de Fora'),
('169.873.359-1', 'Ana Júlia', '1979/8/30', 'Sangue', 5, 'O-', 'Natal'),
('655.667.278-8', 'Bryan', '1965/10/10', 'Sangue', 1, 'A-', 'Campinas'),
('875.229.618-2', 'Guilherme', '1995/11/29', 'Sangue', 5, 'A-', 'Manaus'),
('401.382.741-0', 'Beatriz', '1950/7/10', 'Sangue', 1, 'A-', 'Brasília'),
('589.781.153-4', 'Henrique', '1966/11/11', 'Órgão', 1, 'O-', 'Montes Claros'),
('763.839.931-6', 'Henry', '1954/8/1', 'Órgão', 2, 'AB-', 'Fortaleza'),
('821.843.557-0', 'Joaquim', '1985/10/27', 'Sangue', 3, 'B-', 'Juiz de Fora'),
('812.416.160-1', 'Lorenzo', '1956/10/31', 'Sangue', 5, 'B-', 'Hortolândia'),
('607.255.959-0', 'Rafael', '1997/4/7', 'Órgão', 3, 'A-', 'Charqueada'),
('805.569.194-6', 'Theodoro', '2010/10/14', 'Órgão', 5, 'B-', 'Osasco'),
('977.726.507-4', 'Ana Júlia', '1975/11/5', 'Sangue', 1, 'A+', 'Hortolândia'),
('592.311.620-0', 'Clara', '1991/10/27', 'Sangue', 4, 'B-', 'São Paulo'),
('514.339.200-1', 'Lívia', '2011/12/9', 'Sangue', 3, 'B-', 'Salvador'),
('105.803.789-1', 'Yuri', '1989/2/21', 'Órgão', 5, 'B-', 'Hortolândia'),
('783.762.609-2', 'Anthony', '2014/3/22', 'Sangue', 2, 'AB+', 'Salto'),
('539.572.768-4', 'Théo', '2000/3/19', 'Órgão', 5, 'AB-', 'Manaus'),
('565.164.173-4', 'Thiago', '1955/3/26', 'Órgão', 3, 'O+', 'Hortolândia'),
('801.550.816-2', 'Liz', '1980/11/22', 'Órgão', 5, 'O+', 'Salto'),
('859.814.458-7', 'Alice', '2006/7/10', 'Sangue', 3, 'O+', 'Juiz de Fora'),
('657.928.891-1', 'Arthur Gabriel', '1952/10/29', 'Sangue', 2, 'O+', 'Andradas'),
('421.383.758-9', 'Marina', '1996/10/25', 'Sangue', 1, 'A-', 'Montes Claros'),
('349.350.776-3', 'Helena', '1953/6/16', 'Sangue', 1, 'A-', 'Itabuna'),
('614.414.412-8', 'Isaac', '1998/11/8', 'Órgão', 1, 'B+', 'Rio de Janeiro'),
('379.897.200-8', 'MiguelLucca', '1983/10/15', 'Órgão', 4, 'B-', 'Belo Horizonte'),
('304.217.345-9', 'Catarina', '1971/3/10', 'Sangue', 2, 'B-', 'Itabuna'),
('334.452.508-4', 'Thomas', '2012/12/20', 'Sangue', 2, 'AB+', 'São Carlos'),
('453.156.351-1', 'Allana', '1952/1/2', 'Órgão', 2, 'O-', 'Itabuna'),
('779.134.995-8', 'Henrique', '2004/12/7', 'Órgão', 4, 'B-', 'Curitiba'),
('973.691.285-5', 'MiguelLucca', '2000/12/24', 'Órgão', 2, 'B+', 'Juiz de Fora'),
('795.821.579-7', 'Isaac', '1960/11/23', 'Sangue', 4, 'B+', 'São Paulo'),
('967.774.955-4', 'Enrico', '1959/9/24', 'Órgão', 3, 'A+', 'Gramado'),
('534.931.872-5', 'Luna', '1994/2/9', 'Sangue', 2, 'A+', 'Indaiatuba'),
('558.977.698-4', 'Vitor', '1995/2/10', 'Órgão', 4, 'AB-', 'Goiânia'),
('262.792.992-0', 'Anthony', '2008/12/16', 'Órgão', 3, 'B-', 'Campinas'),
('946.846.497-8', 'Marina', '1984/9/30', 'Sangue', 4, 'AB-', 'Belo Horizonte'),
('701.547.541-7', 'Matheus', '1976/11/5', 'Sangue', 2, 'O-', 'Hortolândia'),
('839.572.382-7', 'Murilo', '2014/5/14', 'Órgão', 1, 'B+', 'Brotas'),
('595.538.122-2', 'Maitê', '1953/4/15', 'Sangue', 4, 'B+', 'Belo Horizonte'),
('387.782.609-7', 'Noah', '1965/3/22', 'Órgão', 3, 'A-', 'Fortaleza'),
('446.324.490-5', 'Catarina', '1973/7/28', 'Órgão', 5, 'A+', 'São Luis'),
('665.921.240-4', 'Isabelly', '2009/12/7', 'Órgão', 3, 'O+', 'Belo Horizonte'),
('125.956.961-8', 'Mariana', '2017/7/25', 'Órgão', 3, 'B-', 'Gramado'),
('761.375.301-9', 'Antonella', '1953/8/1', 'Sangue', 2, 'O+', 'Hortolândia'),
('572.166.991-5', 'Sarah', '2005/9/2', 'Sangue', 4, 'B+', 'Goiânia'),
('895.865.255-0', 'Thiago', '1958/8/7', 'Órgão', 2, 'A+', 'Campinas'),
('710.565.602-6', 'Sophia', '2010/12/12', 'Órgão', 2, 'O-', 'Fortaleza'),
('351.765.106-4', 'Isabella', '2010/12/21', 'Sangue', 4, 'AB-', 'Juiz de Fora'),
('253.731.490-3', 'Clara', '1979/8/1', 'Órgão', 3, 'A-', 'Campinas'),
('244.831.310-6', 'Eloá', '1963/12/31', 'Sangue', 1, 'AB-', 'Manaus'),
('707.425.909-7', 'Júlia', '1966/11/24', 'Órgão', 5, 'O+', 'Charqueada'),
('975.551.266-9', 'Noah', '2015/2/10', 'Sangue', 4, 'B+', 'Campinas'),
('231.236.219-3', 'Miguel', '1956/3/20', 'Órgão', 5, 'B+', 'Indaiatuba'),
('676.899.307-4', 'Arthur Miguel', '2018/2/14', 'Órgão', 5, 'AB+', 'Salvador'),
('229.514.543-2', 'Vitória', '1952/10/31', 'Órgão', 3, 'A+', 'Juiz de Fora'),
('568.826.568-4', 'Catarina', '1978/12/22', 'Órgão', 5, 'B+', 'Curitiba'),
('204.229.113-4', 'Vitor', '1954/5/27', 'Órgão', 1, 'AB-', 'São Luis'),
('150.669.497-4', 'Eloá', '2014/3/3', 'Sangue', 2, 'A-', 'São Luis'),
('557.990.920-1', 'Alícia', '1961/6/13', 'Órgão', 4, 'AB+', 'São Paulo'),
('726.611.713-1', 'Sophia', '2000/10/6', 'Órgão', 5, 'AB-', 'Natal'),
('548.982.988-8', 'Ícaro', '1987/2/4', 'Sangue', 3, 'B-', 'Gramado'),
('178.833.144-2', 'Thiago', '1984/11/2', 'Órgão', 5, 'O-', 'Manaus'),
('578.287.398-4', 'Ana Clara', '1984/4/15', 'Sangue', 5, 'O-', 'Fortaleza'),
('878.665.396-3', 'Derick', '1996/6/26', 'Sangue', 2, 'A-', 'Brotas'),
('662.532.773-5', 'Arthur', '1963/6/13', 'Órgão', 5, 'A-', 'Manaus'),
('470.812.958-9', 'Gustavo', '1971/9/2', 'Órgão', 3, 'B+', 'Salvador'),
('710.904.624-5', 'Henrique', '1954/9/8', 'Órgão', 3, 'B-', 'Itabuna'),
('935.965.490-8', 'Rafael', '1955/9/28', 'Sangue', 4, 'B-', 'Charqueada'),
('975.359.252-0', 'Alícia', '2003/7/16', 'Sangue', 3, 'O+', 'Curitiba'),
('953.690.106-3', 'Cauã', '2010/2/23', 'Sangue', 5, 'O+', 'Charqueada'),
('590.838.764-3', 'Heloísa', '2009/10/15', 'Órgão', 2, 'A-', 'Rio de Janeiro'),
('293.487.534-1', 'Melissa', '2015/10/26', 'Órgão', 2, 'O+', 'Belo Horizonte'),
('254.586.692-6', 'Thomas', '2002/9/9', 'Sangue', 3, 'B+', 'Salto'),
('882.998.399-8', 'João Gabriel', '1979/10/7', 'Órgão', 4, 'B+', 'Belo Horizonte'),
('776.163.131-8', 'Nathan', '1958/11/23', 'Órgão', 4, 'A-', 'Montes Claros'),
('341.513.144-3', 'Aurora', '1975/2/18', 'Sangue', 1, 'O-', 'São Paulo'),
('905.734.225-1', 'Eloá', '2005/6/28', 'Sangue', 5, 'O-', 'Natal'),
('613.804.236-5', 'Augusto', '2013/8/18', 'Sangue', 1, 'A-', 'Osasco'),
('800.410.900-3', 'Gabriela', '1996/10/2', 'Órgão', 4, 'A-', 'Itabuna'),
('538.108.214-1', 'Henry', '2001/6/17', 'Sangue', 3, 'A-', 'Manaus'),
('712.671.957-0', 'Benício', '1972/5/17', 'Órgão', 2, 'B+', 'Salvador'),
('280.432.861-5', 'Anthony', '2008/1/15', 'Órgão', 4, 'A+', 'Fortaleza'),
('759.778.684-2', 'Ana Júlia', '1966/10/20', 'Órgão', 5, 'A-', 'Rio de Janeiro'),
('383.985.951-8', 'Lara', '2005/5/23', 'Órgão', 5, 'B+', 'Fortaleza'),
('467.395.646-2', 'Laura', '1992/7/24', 'Órgão', 3, 'AB+', 'Goiânia'),
('753.658.357-0', 'Sophia', '1999/10/28', 'Órgão', 4, 'O-', 'Brasília'),
('861.250.507-9', 'MiguelLucca', '2009/5/27', 'Sangue', 2, 'AB-', 'Brasília'),
('497.597.863-9', 'Anthony', '1978/3/8', 'Órgão', 2, 'O-', 'Natal'),
('208.484.605-0', 'Milena', '1959/8/1', 'Sangue', 2, 'B+', 'São Luis'),
('494.224.524-6', 'MiguelLucca', '1989/10/6', 'Órgão', 1, 'O+', 'Goiânia'),
('471.232.637-3', 'Isaac', '1957/11/9', 'Órgão', 5, 'A-', 'Brotas'),
('570.382.784-7', 'Davi Lucca', '1969/8/2', 'Órgão', 2, 'A-', 'Salvador'),
('968.487.333-7', 'Ícaro', '1950/6/19', 'Órgão', 2, 'AB-', 'São Carlos'),
('950.922.444-2', 'Matheus', '1998/9/6', 'Sangue', 4, 'B+', 'Belo Horizonte'),
('904.227.292-1', 'Allana', '2009/7/31', 'Órgão', 4, 'O-', 'Manaus'),
('148.911.724-1', 'Lucas', '1957/10/8', 'Sangue', 4, 'AB+', 'Manaus'),
('609.975.788-6', 'Oliver', '2022/3/22', 'Sangue', 4, 'A-', 'Brotas'),
('242.742.697-4', 'Lucas', '2022/9/15', 'Sangue', 5, 'A+', 'Salvador'),
('290.947.710-5', 'Isabella', '2014/2/14', 'Sangue', 2, 'O-', 'São Carlos'),
('635.468.218-5', 'Thiago', '2009/12/14', 'Sangue', 3, 'B+', 'Brasília'),
('378.596.397-4', 'Oliver', '2008/7/27', 'Órgão', 3, 'B+', 'Osasco'),
('220.534.743-8', 'Esther', '1961/10/14', 'Sangue', 1, 'A-', 'Charqueada'),
('178.422.765-2', 'Ana Luísa', '2015/1/14', 'Órgão', 3, 'AB+', 'Natal'),
('641.913.244-3', 'Ana Clara', '1999/7/31', 'Órgão', 3, 'A-', 'Gramado'),
('862.614.500-5', 'Joaquim', '2022/12/18', 'Sangue', 4, 'A-', 'Montes Claros'),
('782.787.906-5', 'Mirella', '1968/3/2', 'Órgão', 2, 'O-', 'Goiânia'),
('977.338.264-2', 'Helena', '1977/12/26', 'Sangue', 2, 'O+', 'São Paulo'),
('341.223.630-8', 'Ana Luísa', '1997/5/18', 'Órgão', 3, 'AB+', 'São Paulo'),
('962.918.131-6', 'Isaac', '1975/8/27', 'Órgão', 1, 'O-', 'São Paulo'),
('285.225.121-9', 'Felipe', '1963/11/1', 'Órgão', 3, 'A+', 'Andradas'),
('467.357.589-8', 'João Gabriel', '2008/8/12', 'Órgão', 2, 'O-', 'Salto'),
('963.601.835-1', 'Emilly', '1999/2/13', 'Sangue', 1, 'AB-', 'Gramado'),
('717.377.625-1', 'Caio', '1954/12/19', 'Órgão', 2, 'A+', 'Osasco'),
('584.655.621-7', 'Murilo', '1989/4/15', 'Órgão', 2, 'A-', 'Rio de Janeiro'),
('685.438.623-7', 'Théo', '1983/4/24', 'Órgão', 5, 'AB-', 'Manaus'),
('870.518.278-6', 'João Vitor', '1974/7/31', 'Sangue', 1, 'B+', 'Montes Claros'),
('110.758.888-6', 'José', '1966/12/18', 'Órgão', 3, 'B-', 'Juiz de Fora'),
('718.711.242-1', 'Henry', '1975/10/15', 'Sangue', 3, 'A+', 'Brotas'),
('263.927.112-2', 'Isabelly', '2012/12/10', 'Sangue', 3, 'AB-', 'Brotas'),
('439.514.450-5', 'Laura', '2019/7/29', 'Sangue', 4, 'A+', 'Campinas'),
('148.751.599-7', 'Maria Vitória', '1980/8/10', 'Sangue', 5, 'B+', 'Natal'),
('972.647.251-2', 'Benjamin', '1960/8/12', 'Órgão', 4, 'AB-', 'Osasco'),
('436.665.849-6', 'Arthur Miguel', '1986/1/26', 'Órgão', 1, 'B+', 'Salto'),
('974.231.885-0', 'Eloá', '1977/10/5', 'Sangue', 1, 'A-', 'Natal'),
('703.466.173-5', 'Luiz Miguel', '2020/2/21', 'Órgão', 2, 'O+', 'Fortaleza'),
('339.948.459-1', 'Stella', '2014/1/27', 'Sangue', 1, 'AB+', 'Fortaleza'),
('771.545.875-8', 'Davi Lucas', '2004/10/8', 'Sangue', 5, 'AB-', 'Goiânia'),
('545.391.599-4', 'José', '1990/5/29', 'Órgão', 4, 'A+', 'Itabuna'),
('431.255.495-9', 'Maria Alice', '2010/6/18', 'Sangue', 1, 'A+', 'Campinas'),
('665.851.262-1', 'Maya', '2000/7/16', 'Sangue', 3, 'A-', 'Brotas'),
('753.184.751-6', 'Ayla', '1970/1/25', 'Órgão', 5, 'AB-', 'Salvador'),
('625.500.833-3', 'Liz', '1971/11/22', 'Sangue', 3, 'B-', 'Gramado'),
('352.245.782-8', 'Luiz Miguel', '2019/8/7', 'Órgão', 2, 'O-', 'Montes Claros'),
('991.323.257-0', 'Luísa', '2012/3/31', 'Órgão', 5, 'A-', 'Campinas'),
('982.199.958-0', 'Ana Laura', '1977/4/27', 'Órgão', 4, 'O-', 'Hortolândia'),
('371.818.413-1', 'Helena', '1950/2/3', 'Órgão', 2, 'O-', 'Campinas'),
('401.715.296-9', 'Lara', '1964/4/28', 'Sangue', 2, 'B-', 'Juiz de Fora'),
('871.503.392-6', 'Luísa', '1962/11/2', 'Órgão', 4, 'O+', 'Charqueada'),
('839.204.906-6', 'Enrico', '1989/4/20', 'Sangue', 5, 'AB-', 'Hortolândia'),
('149.998.973-9', 'Lívia', '1995/4/27', 'Órgão', 4, 'O+', 'Osasco'),
('340.790.711-5', 'Miguel', '2014/6/2', 'Sangue', 2, 'O+', 'São Paulo'),
('886.360.476-0', 'Murilo', '1954/12/26', 'Sangue', 3, 'O-', 'São Luis'),
('709.476.321-1', 'Oliver', '1980/5/13', 'Órgão', 5, 'B-', 'Juiz de Fora'),
('890.592.565-4', 'Isabelly', '1968/3/14', 'Órgão', 5, 'A-', 'Osasco'),
('148.223.324-1', 'Théo', '1980/3/29', 'Órgão', 1, 'B+', 'Gramado'),
('805.816.609-1', 'Maria Luísa', '1996/5/9', 'Órgão', 2, 'O+', 'Juiz de Fora'),
('101.204.888-6', 'Maya', '1978/4/17', 'Sangue', 2, 'B+', 'Indaiatuba'),
('110.717.764-3', 'Ana Clara', '1963/2/5', 'Sangue', 1, 'B-', 'Manaus'),
('450.894.741-4', 'Luísa', '2022/9/1', 'Órgão', 4, 'B-', 'São Luis'),
('978.690.763-8', 'Maria Alice', '2010/5/3', 'Sangue', 3, 'AB-', 'São Carlos'),
('141.670.686-4', 'Isis', '2020/2/27', 'Órgão', 2, 'AB-', 'São Paulo'),
('138.365.246-6', 'Anthony', '1956/7/4', 'Órgão', 3, 'A+', 'Curitiba'),
('648.107.866-5', 'Catarina', '2006/10/3', 'Sangue', 2, 'B+', 'Natal'),
('948.173.311-6', 'Oliver', '1979/6/14', 'Sangue', 4, 'B+', 'Hortolândia'),
('654.323.982-1', 'Anthony', '1978/9/21', 'Órgão', 3, 'B+', 'Gramado'),
('912.347.497-1', 'Luan', '2015/8/16', 'Sangue', 3, 'AB-', 'Brasília'),
('557.922.600-4', 'Cecília', '2014/9/13', 'Órgão', 4, 'O+', 'São Paulo'),
('888.325.617-8', 'Laura', '1993/3/19', 'Órgão', 1, 'A+', 'Belo Horizonte'),
('322.265.959-4', 'Melissa', '2000/8/6', 'Sangue', 2, 'AB-', 'Osasco'),
('910.123.522-6', 'Valentim', '1986/7/5', 'Órgão', 1, 'B+', 'Indaiatuba'),
('283.654.404-6', 'Henry', '1961/10/30', 'Órgão', 4, 'O-', 'Juiz de Fora'),
('336.300.347-1', 'Luiz Miguel', '1959/5/16', 'Órgão', 2, 'A+', 'São Carlos'),
('832.142.103-1', 'Beatriz', '1965/8/18', 'Sangue', 3, 'O+', 'Curitiba'),
('871.153.760-9', 'Pedro', '1989/7/31', 'Órgão', 5, 'A+', 'Hortolândia'),
('534.620.658-7', 'Lívia', '1986/1/14', 'Sangue', 5, 'A+', 'Indaiatuba'),
('276.946.891-1', 'Francisco', '1982/12/10', 'Sangue', 5, 'B+', 'Manaus'),
('924.519.886-3', 'Theodoro', '1974/12/20', 'Sangue', 5, 'AB-', 'Osasco'),
('889.819.593-1', 'João Vitor', '1967/9/26', 'Sangue', 1, 'A+', 'Brotas'),
('599.497.380-9', 'Théo', '1973/2/26', 'Órgão', 4, 'O-', 'Campinas'),
('259.333.919-1', 'Laura', '1998/11/9', 'Órgão', 5, 'AB-', 'Curitiba'),
('329.137.202-8', 'Théo', '2003/1/6', 'Sangue', 2, 'AB-', 'Salto'),
('737.405.698-4', 'Felipe', '1995/7/31', 'Órgão', 3, 'AB-', 'Montes Claros'),
('178.491.916-7', 'Vitória', '1965/8/4', 'Órgão', 1, 'A-', 'Fortaleza'),
('593.745.330-2', 'Lavínia', '1951/8/8', 'Órgão', 5, 'AB+', 'Belo Horizonte'),
('751.401.966-9', 'Ana Júlia', '1988/7/1', 'Sangue', 4, 'O+', 'Salvador'),
('415.837.371-9', 'Marina', '2006/9/16', 'Sangue', 4, 'B+', 'Juiz de Fora'),
('218.561.797-3', 'João Gabriel', '1969/4/27', 'Sangue', 3, 'O+', 'Brasília'),
('487.309.648-6', 'Maitê', '1979/4/11', 'Órgão', 5, 'AB-', 'Manaus'),
('843.903.954-7', 'José', '1967/6/8', 'Sangue', 1, 'O-', 'Montes Claros'),
('297.470.956-7', 'João', '1955/9/27', 'Sangue', 1, 'O-', 'Goiânia'),
('676.525.335-2', 'Lavínia', '2001/12/23', 'Sangue', 2, 'AB+', 'São Paulo'),
('336.880.739-4', 'Ana Júlia', '1950/8/10', 'Sangue', 2, 'A-', 'Juiz de Fora'),
('215.378.350-2', 'Gustavo', '1972/1/15', 'Sangue', 2, 'AB-', 'Hortolândia'),
('623.523.276-5', 'Gustavo', '1989/1/14', 'Órgão', 1, 'B+', 'Manaus'),
('704.779.793-4', 'Thomas', '2003/1/22', 'Órgão', 3, 'AB-', 'Salvador'),
('959.329.552-2', 'MiguelLucca', '1980/5/15', 'Sangue', 3, 'A-', 'Osasco'),
('672.877.522-0', 'Henry', '1960/5/23', 'Sangue', 3, 'O+', 'Manaus'),
('764.493.836-2', 'Lucas', '2013/3/20', 'Sangue', 5, 'B+', 'Rio de Janeiro'),
('943.335.284-2', 'Miguel', '2020/7/8', 'Sangue', 4, 'A-', 'Indaiatuba'),
('554.459.318-5', 'João Gabriel', '2010/8/26', 'Órgão', 3, 'AB+', 'Natal'),
('179.490.451-5', 'Pedro', '1992/3/7', 'Órgão', 2, 'B+', 'Juiz de Fora'),
('983.901.321-9', 'Eduardo', '1961/10/17', 'Órgão', 4, 'O+', 'Andradas'),
('898.726.918-8', 'Lara', '2006/12/8', 'Sangue', 3, 'B-', 'São Luis'),
('847.698.582-6', 'Luísa', '2003/6/5', 'Sangue', 4, 'AB-', 'Brasília'),
('233.901.889-9', 'Anthony Gabriel', '2011/10/24', 'Órgão', 1, 'O+', 'Itabuna'),
('108.903.563-0', 'Théo', '1995/6/28', 'Sangue', 2, 'B-', 'Indaiatuba'),
('155.280.572-5', 'José', '1959/9/7', 'Órgão', 1, 'A+', 'São Paulo'),
('442.615.655-5', 'Noah', '2017/12/22', 'Sangue', 2, 'O+', 'São Paulo'),
('450.139.288-3', 'Augusto', '2013/5/6', 'Órgão', 5, 'A-', 'Brasília'),
('787.583.630-7', 'Miguel', '1959/6/6', 'Sangue', 5, 'A-', 'Manaus'),
('915.183.882-0', 'Otávio', '1987/12/2', 'Órgão', 3, 'B-', 'Belo Horizonte'),
('619.864.105-8', 'João Gabriel', '2011/2/23', 'Órgão', 5, 'B-', 'Natal'),
('621.361.147-0', 'Laura', '1994/7/1', 'Órgão', 2, 'O+', 'Indaiatuba'),
('588.525.147-0', 'Lavínia', '1961/10/2', 'Sangue', 3, 'O+', 'Curitiba'),
('974.756.305-4', 'Vitória', '1985/7/12', 'Órgão', 3, 'O+', 'Salto'),
('954.382.318-8', 'Davi Lucca', '1956/11/14', 'Sangue', 3, 'O+', 'Indaiatuba'),
('836.465.387-1', 'Laura', '1951/2/14', 'Sangue', 2, 'AB+', 'Osasco'),
('547.743.260-8', 'Isaac', '2019/8/28', 'Órgão', 1, 'A+', 'Gramado'),
('771.161.536-9', 'Esther', '1992/10/4', 'Sangue', 1, 'O-', 'São Paulo'),
('948.269.483-2', 'Maya', '1959/8/25', 'Órgão', 5, 'AB-', 'Salto'),
('423.670.205-6', 'Bella', '2003/10/18', 'Sangue', 1, 'A-', 'Curitiba'),
('315.173.927-1', 'Isadora', '2020/12/14', 'Órgão', 5, 'B-', 'Manaus'),
('207.254.174-0', 'Anthony Gabriel', '1950/10/16', 'Órgão', 2, 'B-', 'Salvador'),
('225.911.691-8', 'Arthur', '2004/2/12', 'Órgão', 1, 'O-', 'Charqueada'),
('770.746.351-8', 'Antonella', '1969/3/12', 'Sangue', 1, 'O+', 'Belo Horizonte'),
('876.383.355-4', 'Rael', '1968/10/8', 'Órgão', 5, 'O-', 'São Luis'),
('554.493.667-3', 'Yasmin', '2018/11/13', 'Sangue', 1, 'AB+', 'Brotas'),
('353.829.454-9', 'Théo', '1992/1/17', 'Sangue', 4, 'A+', 'São Paulo'),
('695.659.210-2', 'Maria Vitória', '2017/10/27', 'Sangue', 5, 'A+', 'Andradas'),
('124.130.356-7', 'Thiago', '2006/9/15', 'Sangue', 2, 'B-', 'Montes Claros'),
('782.579.669-5', 'Maria Clara', '2021/3/21', 'Sangue', 5, 'B-', 'Montes Claros'),
('120.716.351-4', 'Maria Cecília', '2008/9/24', 'Sangue', 2, 'O-', 'Natal'),
('732.411.513-1', 'Heloísa', '1975/5/20', 'Sangue', 1, 'AB-', 'Osasco'),
('864.834.298-5', 'Rael', '1993/3/25', 'Órgão', 3, 'O+', 'Andradas'),
('956.735.298-6', 'Ryan', '1998/4/14', 'Órgão', 1, 'AB+', 'Salvador'),
('580.283.446-7', 'Yasmin', '1981/12/13', 'Órgão', 3, 'AB-', 'Brasília'),
('740.216.638-6', 'Clara', '1978/8/14', 'Sangue', 3, 'AB+', 'Natal'),
('855.431.754-9', 'Giovanna', '1972/11/7', 'Sangue', 5, 'O+', 'Juiz de Fora'),
('271.546.877-3', 'Júlia', '1992/12/1', 'Órgão', 4, 'B+', 'Itabuna'),
('996.975.953-7', 'Gabriel', '1996/7/19', 'Órgão', 5, 'B+', 'Brotas'),
('367.252.360-3', 'Benjamin', '1996/11/28', 'Sangue', 1, 'B-', 'Rio de Janeiro'),
('406.948.496-0', 'Arthur', '2013/6/14', 'Órgão', 2, 'AB+', 'Itabuna'),
('412.808.803-6', 'Manuela', '1976/8/30', 'Sangue', 5, 'AB-', 'Osasco'),
('173.419.969-1', 'Ana Clara', '1981/9/6', 'Sangue', 4, 'AB+', 'Andradas'),
('418.898.631-2', 'Luna', '1960/3/5', 'Órgão', 4, 'O+', 'Gramado'),
('472.596.656-8', 'Heitor', '2009/7/9', 'Órgão', 2, 'A+', 'Osasco'),
('353.582.661-3', 'Matheus', '1983/11/21', 'Sangue', 1, 'B+', 'Juiz de Fora'),
('700.633.546-2', 'Enrico', '1987/3/14', 'Órgão', 1, 'B+', 'Rio de Janeiro'),
('559.569.968-5', 'Ravi', '1964/12/22', 'Sangue', 2, 'A-', 'Brasília'),
('425.366.645-6', 'Mathias', '1998/5/19', 'Sangue', 4, 'A+', 'Belo Horizonte'),
('438.538.496-3', 'João', '1986/6/29', 'Órgão', 5, 'B+', 'Curitiba'),
('746.764.831-1', 'Augusto', '2010/3/14', 'Sangue', 3, 'AB+', 'Curitiba'),
('749.286.525-4', 'Ana Laura', '1952/11/9', 'Órgão', 2, 'O-', 'Salto'),
('653.892.808-9', 'Henry', '1977/12/26', 'Sangue', 2, 'B-', 'Hortolândia'),
('399.719.472-5', 'Rael', '1969/3/29', 'Órgão', 4, 'AB-', 'Osasco'),
('407.733.624-0', 'Yan', '1994/11/5', 'Órgão', 4, 'O-', 'Salvador'),
('816.788.323-2', 'Mathias', '1974/6/3', 'Sangue', 2, 'B+', 'Manaus'),
('797.278.280-1', 'José', '2020/1/31', 'Órgão', 3, 'A-', 'Hortolândia'),
('240.517.460-9', 'Murilo', '2007/10/29', 'Sangue', 5, 'AB+', 'Goiânia'),
('355.767.655-8', 'Agatha', '2020/4/19', 'Sangue', 1, 'O+', 'São Paulo'),
('721.782.534-6', 'Rebeca', '1963/4/10', 'Órgão', 3, 'AB+', 'Osasco'),
('427.137.388-7', 'Davi', '2000/3/9', 'Sangue', 1, 'AB+', 'Osasco'),
('557.962.402-5', 'Nicole', '2002/11/27', 'Sangue', 3, 'AB-', 'Itabuna'),
('713.658.978-5', 'Davi Lucas', '1992/5/12', 'Órgão', 1, 'O-', 'Curitiba'),
('920.424.305-3', 'Murilo', '1993/4/27', 'Órgão', 5, 'B+', 'São Carlos'),
('552.242.516-1', 'Valentim', '1987/4/27', 'Sangue', 3, 'B+', 'Juiz de Fora'),
('897.193.323-4', 'Giovanna', '2014/6/13', 'Órgão', 2, 'O-', 'São Luis'),
('705.294.697-1', 'Heitor', '2018/4/26', 'Sangue', 5, 'AB+', 'Andradas'),
('783.772.580-1', 'Arthur', '2017/1/13', 'Sangue', 2, 'B+', 'Goiânia'),
('575.847.459-9', 'Aurora', '1988/4/7', 'Órgão', 1, 'AB+', 'Charqueada'),
('259.924.704-5', 'Théo', '2010/9/26', 'Sangue', 4, 'B+', 'Belo Horizonte'),
('104.245.515-2', 'Samuel', '2008/4/25', 'Sangue', 3, 'AB+', 'Salvador'),
('508.692.553-5', 'Bella', '2007/6/24', 'Sangue', 2, 'AB-', 'São Luis'),
('232.618.492-4', 'Gustavo', '1976/8/7', 'Órgão', 3, 'B+', 'Brotas'),
('171.844.147-3', 'Maria Clara', '1967/11/10', 'Órgão', 4, 'AB+', 'Rio de Janeiro'),
('243.856.898-8', 'Ayla', '1953/7/8', 'Órgão', 5, 'B-', 'Salto'),
('886.182.617-5', 'Gustavo', '2005/5/18', 'Órgão', 5, 'AB-', 'São Paulo'),
('203.636.227-0', 'Ryan', '1981/6/5', 'Sangue', 1, 'O+', 'Natal'),
('294.926.269-2', 'João Vitor', '1990/6/16', 'Sangue', 1, 'O-', 'São Carlos'),
('157.604.639-9', 'Ana Luísa', '1986/9/25', 'Sangue', 4, 'A-', 'Campinas'),
('116.370.208-1', 'Anthony', '1957/1/22', 'Sangue', 1, 'B-', 'Charqueada'),
('102.824.271-9', 'Eduardo', '1955/11/7', 'Sangue', 3, 'O+', 'Goiânia'),
('285.271.274-8', 'Felipe', '1983/12/18', 'Órgão', 1, 'A+', 'São Paulo'),
('762.765.665-9', 'Guilherme', '2001/3/31', 'Órgão', 4, 'O-', 'São Luis'),
('210.899.340-5', 'Eloá', '1974/8/17', 'Sangue', 4, 'O-', 'Indaiatuba'),
('260.561.525-8', 'MiguelLucca', '2003/5/31', 'Sangue', 5, 'O+', 'Brotas'),
('467.235.368-3', 'Eloá', '2009/8/24', 'Órgão', 2, 'B-', 'Hortolândia'),
('624.321.975-5', 'Luísa', '1977/6/10', 'Órgão', 5, 'A+', 'Brasília'),
('455.343.412-3', 'Augusto', '1967/2/23', 'Órgão', 4, 'A+', 'Salvador'),
('174.818.560-9', 'Cecília', '1996/12/25', 'Órgão', 1, 'AB-', 'Brotas'),
('682.319.924-1', 'Maria Clara', '2021/4/26', 'Órgão', 2, 'O+', 'Gramado'),
('146.307.123-7', 'João Gabriel', '1969/12/25', 'Órgão', 3, 'A-', 'Goiânia'),
('809.621.159-3', 'Rafael', '1956/7/11', 'Sangue', 4, 'B-', 'Salto'),
('250.832.561-4', 'Manuela', '1977/8/17', 'Sangue', 5, 'A-', 'Brotas'),
('876.299.430-7', 'Vitória', '2019/4/23', 'Sangue', 1, 'O-', 'Salto'),
('619.652.313-2', 'Alice', '1990/11/4', 'Sangue', 2, 'B+', 'Juiz de Fora'),
('828.836.593-0', 'Marina', '2022/8/17', 'Órgão', 5, 'A+', 'Curitiba'),
('480.707.586-4', 'Esther', '1988/1/10', 'Sangue', 3, 'AB+', 'Fortaleza'),
('881.940.435-8', 'Luan', '1964/8/28', 'Órgão', 4, 'AB+', 'Natal'),
('445.933.178-9', 'Lavínia', '1998/8/9', 'Órgão', 5, 'AB-', 'Osasco'),
('347.753.348-9', 'Liz', '1960/3/15', 'Órgão', 2, 'AB+', 'Campinas'),
('822.470.891-6', 'Apollo', '1960/9/15', 'Sangue', 2, 'B+', 'Salvador'),
('762.175.287-6', 'Alice', '1952/12/5', 'Órgão', 3, 'O+', 'Belo Horizonte'),
('961.209.117-5', 'Esther', '1990/11/11', 'Sangue', 2, 'B+', 'Goiânia'),
('609.742.868-4', 'Isabelly', '1976/3/10', 'Órgão', 4, 'B+', 'Brasília'),
('590.805.508-3', 'Maria Júlia', '2014/6/22', 'Órgão', 1, 'B+', 'Brotas'),
('798.305.492-0', 'Isaac', '1967/12/6', 'Sangue', 4, 'O+', 'Montes Claros'),
('561.105.761-9', 'Milena', '1990/2/3', 'Sangue', 1, 'O+', 'Montes Claros'),
('191.291.247-5', 'Anthony Gabriel', '2009/6/2', 'Órgão', 2, 'A-', 'Juiz de Fora'),
('867.107.835-8', 'Breno', '2021/7/1', 'Órgão', 3, 'O+', 'Montes Claros'),
('577.356.779-3', 'Lorenzo', '1995/11/11', 'Órgão', 1, 'O+', 'Salvador'),
('610.445.580-6', 'Mariana', '2008/6/2', 'Órgão', 4, 'AB+', 'Brotas'),
('496.831.708-1', 'Murilo', '1970/11/19', 'Órgão', 4, 'A-', 'Belo Horizonte'),
('652.399.790-4', 'Ana Luísa', '1958/11/26', 'Sangue', 4, 'B-', 'Indaiatuba'),
('348.556.891-4', 'Ayla', '1992/7/6', 'Sangue', 3, 'B-', 'São Carlos'),
('335.798.223-1', 'Agatha', '2010/6/5', 'Órgão', 3, 'A+', 'Montes Claros'),
('629.598.922-3', 'Eloá', '2005/10/18', 'Órgão', 4, 'O+', 'São Carlos'),
('509.835.936-0', 'Isis', '1964/12/13', 'Sangue', 4, 'O-', 'Natal'),
('810.836.547-8', 'Théo', '1959/3/5', 'Sangue', 2, 'B-', 'Charqueada'),
('355.975.149-3', 'Vitor', '2022/3/2', 'Sangue', 2, 'A+', 'Gramado'),
('513.434.151-1', 'Mariana', '2011/3/18', 'Sangue', 1, 'A-', 'Itabuna'),
('738.178.329-9', 'Théo', '1957/9/20', 'Órgão', 4, 'O-', 'Campinas'),
('187.176.509-5', 'Cauã', '1984/6/8', 'Órgão', 4, 'A+', 'Montes Claros'),
('720.736.804-2', 'Davi Lucca', '1986/6/15', 'Sangue', 2, 'AB+', 'Natal'),
('222.183.544-9', 'Maria Vitória', '1954/1/16', 'Órgão', 4, 'B+', 'Juiz de Fora'),
('222.655.843-9', 'Milena', '1973/2/27', 'Sangue', 4, 'B+', 'Itabuna'),
('503.722.995-5', 'Davi Lucca', '1960/6/30', 'Sangue', 3, 'B+', 'Brasília'),
('350.842.503-1', 'Marina', '1991/4/12', 'Órgão', 5, 'AB-', 'Salto'),
('268.458.436-8', 'Bernardo', '2006/9/3', 'Sangue', 2, 'AB-', 'Andradas'),
('526.400.517-5', 'Lucas', '1984/6/30', 'Órgão', 4, 'AB+', 'Indaiatuba'),
('416.343.520-4', 'João Vitor', '1997/11/3', 'Sangue', 4, 'B+', 'Hortolândia'),
('523.603.872-0', 'Lorenzo', '2009/12/7', 'Sangue', 1, 'A-', 'Brasília'),
('675.614.139-5', 'Liz', '1974/8/19', 'Sangue', 1, 'AB-', 'Curitiba'),
('815.410.143-4', 'Thomas', '1993/11/9', 'Sangue', 2, 'O+', 'Goiânia'),
('762.646.352-1', 'Vitor', '1963/7/7', 'Órgão', 3, 'O+', 'Brotas'),
('209.803.759-4', 'Bryan', '1974/5/1', 'Sangue', 1, 'A-', 'Indaiatuba'),
('767.283.747-9', 'Laura', '1966/2/6', 'Sangue', 2, 'O+', 'Goiânia'),
('335.853.207-5', 'Mathias', '2011/3/28', 'Sangue', 3, 'B+', 'Montes Claros'),
('124.256.499-7', 'Cauã', '1974/5/8', 'Órgão', 5, 'O-', 'Manaus'),
('984.611.503-7', 'Benjamin', '1977/8/28', 'Órgão', 4, 'A+', 'Rio de Janeiro'),
('250.578.611-6', 'Maria', '1997/8/15', 'Órgão', 1, 'B-', 'Juiz de Fora'),
('908.252.106-9', 'Benjamin', '2002/8/20', 'Sangue', 4, 'O+', 'Salvador'),
('949.301.481-6', 'José', '1966/5/24', 'Sangue', 4, 'O-', 'Brasília'),
('410.346.524-3', 'João Guilherme', '1950/2/21', 'Órgão', 2, 'B+', 'Fortaleza'),
('336.477.417-6', 'Bella', '1999/1/8', 'Órgão', 2, 'O+', 'Juiz de Fora'),
('282.567.159-8', 'Emilly', '1952/11/12', 'Sangue', 2, 'AB-', 'Salto'),
('873.205.564-6', 'Lorenzo', '1992/10/10', 'Sangue', 2, 'O+', 'São Paulo'),
('730.527.275-7', 'João Guilherme', '1956/2/2', 'Sangue', 5, 'O+', 'Goiânia'),
('444.797.997-9', 'Maria Vitória', '2008/12/30', 'Órgão', 2, 'AB+', 'Salto'),
('808.709.704-3', 'Agatha', '2020/5/24', 'Sangue', 1, 'AB+', 'Fortaleza'),
('555.213.808-6', 'Davi', '1955/3/30', 'Órgão', 1, 'A-', 'Osasco'),
('298.212.654-5', 'Sarah', '1953/6/20', 'Sangue', 2, 'AB+', 'Belo Horizonte'),
('144.996.984-5', 'Eloá', '1979/1/27', 'Sangue', 2, 'O-', 'Salto'),
('858.981.501-1', 'Vinícius', '1988/5/7', 'Órgão', 2, 'B+', 'Juiz de Fora'),
('779.939.387-2', 'Murilo', '2018/8/28', 'Órgão', 1, 'AB-', 'Salto'),
('284.156.677-3', 'Marina', '2012/2/22', 'Órgão', 3, 'B+', 'Itabuna'),
('986.218.113-1', 'Maria', '2011/6/10', 'Sangue', 1, 'O+', 'Osasco'),
('670.303.307-7', 'Maria Cecília', '1999/6/19', 'Sangue', 3, 'B-', 'Hortolândia'),
('882.782.874-3', 'Ana Clara', '2017/9/21', 'Órgão', 1, 'AB+', 'Gramado'),
('434.427.582-3', 'Ana', '2009/1/16', 'Órgão', 1, 'AB+', 'São Carlos'),
('264.765.643-4', 'Isabella', '2010/10/24', 'Sangue', 1, 'AB-', 'São Luis'),
('161.480.355-9', 'Théo', '1983/7/3', 'Órgão', 5, 'A+', 'Charqueada'),
('705.334.107-3', 'Milena', '1967/4/9', 'Sangue', 5, 'O+', 'São Luis'),
('296.680.519-0', 'Laura', '2007/2/19', 'Órgão', 1, 'O+', 'São Carlos'),
('329.931.881-2', 'Théo', '1978/5/26', 'Órgão', 1, 'A-', 'Natal'),
('837.703.787-3', 'Olívia', '1963/4/2', 'Sangue', 1, 'B-', 'Curitiba'),
('334.862.320-0', 'Manuela', '1954/12/26', 'Órgão', 3, 'AB-', 'Belo Horizonte'),
('473.381.608-3', 'Stella', '1983/8/20', 'Órgão', 5, 'O+', 'São Paulo'),
('865.410.707-9', 'Sarah', '1971/4/29', 'Órgão', 1, 'O+', 'Hortolândia'),
('863.588.563-5', 'Maria Júlia', '1987/7/25', 'Sangue', 5, 'O+', 'Montes Claros'),
('973.994.190-7', 'Ana Luísa', '1997/4/7', 'Órgão', 3, 'O-', 'Brotas'),
('772.696.430-9', 'Valentina', '2013/10/6', 'Órgão', 4, 'AB+', 'Belo Horizonte'),
('830.702.948-0', 'Rebeca', '1967/8/23', 'Sangue', 4, 'A+', 'Manaus'),
('148.192.132-2', 'Guilherme', '1950/7/15', 'Órgão', 4, 'A-', 'Salto'),
('552.489.656-2', 'Valentim', '1957/1/7', 'Órgão', 4, 'B-', 'São Paulo'),
('465.426.658-4', 'Enrico', '1980/5/23', 'Sangue', 2, 'AB-', 'Campinas'),
('440.551.821-6', 'Arthur', '1959/12/18', 'Órgão', 4, 'O+', 'São Carlos'),
('286.818.997-0', 'Henrique', '1984/9/15', 'Sangue', 5, 'A-', 'Gramado'),
('532.882.934-7', 'Cauã', '1996/6/5', 'Órgão', 1, 'B-', 'Fortaleza'),
('337.910.647-2', 'Isaac', '2000/4/10', 'Sangue', 1, 'AB+', 'Osasco'),
('462.423.112-3', 'Isabella', '1987/7/26', 'Sangue', 2, 'O-', 'Salvador'),
('237.585.379-8', 'Thiago', '2016/2/6', 'Sangue', 1, 'AB-', 'São Luis'),
('871.737.290-6', 'Melissa', '2005/12/5', 'Sangue', 2, 'AB-', 'Juiz de Fora'),
('886.254.502-5', 'Emanuelly', '1984/12/30', 'Órgão', 3, 'O+', 'São Carlos'),
('777.855.734-8', 'Benjamin', '2018/7/2', 'Órgão', 3, 'O+', 'Manaus'),
('631.440.204-9', 'Ana', '2022/5/27', 'Órgão', 5, 'O+', 'São Paulo'),
('752.893.208-4', 'Eloá', '1985/6/30', 'Órgão', 2, 'AB+', 'Manaus'),
('887.280.409-7', 'Anthony', '1993/11/7', 'Órgão', 5, 'B-', 'Brasília'),
('717.557.892-8', 'Miguel', '2005/11/2', 'Sangue', 3, 'B-', 'São Paulo'),
('265.371.290-2', 'Ícaro', '1970/1/24', 'Órgão', 2, 'AB+', 'São Carlos'),
('429.649.852-0', 'Matheus', '2022/10/1', 'Órgão', 1, 'AB-', 'Juiz de Fora'),
('735.940.716-8', 'Davi', '1961/9/9', 'Sangue', 1, 'B+', 'Salvador'),
('562.331.898-8', 'Isabella', '1973/9/26', 'Sangue', 2, 'B-', 'Rio de Janeiro'),
('794.859.800-9', 'Lorenzo', '1995/3/5', 'Órgão', 1, 'AB+', 'Salto'),
('340.547.418-7', 'Arthur Gabriel', '2012/10/11', 'Sangue', 4, 'AB+', 'Curitiba'),
('467.924.139-4', 'Cauã', '1981/10/9', 'Sangue', 4, 'B-', 'São Paulo'),
('787.970.853-4', 'Lara', '2022/2/27', 'Órgão', 3, 'AB+', 'Salvador'),
('898.561.104-1', 'Bella', '1956/7/30', 'Órgão', 3, 'A-', 'Indaiatuba'),
('867.151.451-3', 'Sarah', '1959/6/9', 'Sangue', 4, 'O-', 'Campinas'),
('789.897.784-3', 'Vitor', '1991/9/1', 'Sangue', 2, 'A-', 'Belo Horizonte'),
('598.833.276-2', 'Gabriel', '1983/11/2', 'Órgão', 5, 'AB-', 'Goiânia'),
('961.200.916-4', 'Ryan', '1966/8/23', 'Sangue', 2, 'A+', 'Manaus'),
('160.128.186-5', 'Bryan', '1999/11/8', 'Órgão', 3, 'AB-', 'Brasília'),
('590.277.978-7', 'Guilherme', '1997/2/15', 'Sangue', 2, 'AB+', 'São Paulo'),
('728.456.819-3', 'Esther', '2007/1/14', 'Sangue', 2, 'A-', 'Juiz de Fora'),
('356.176.785-9', 'Maria', '1977/9/11', 'Sangue', 4, 'B-', 'Salto'),
('655.597.203-8', 'Ana Luísa', '2007/11/1', 'Órgão', 5, 'AB-', 'Itabuna'),
('791.692.796-8', 'Catarina', '1961/7/12', 'Órgão', 1, 'AB-', 'Andradas'),
('751.307.581-0', 'Henry', '1986/10/19', 'Sangue', 3, 'O+', 'Juiz de Fora'),
('429.355.796-4', 'Milena', '2021/11/23', 'Órgão', 2, 'B+', 'Rio de Janeiro'),
('784.913.988-2', 'Stella', '1950/6/30', 'Sangue', 5, 'A-', 'Goiânia'),
('569.218.512-2', 'Milena', '1985/4/29', 'Sangue', 3, 'O+', 'Campinas'),
('296.214.393-5', 'Vitória', '1983/8/29', 'Sangue', 4, 'B-', 'Montes Claros'),
('372.306.713-3', 'Samuel', '1955/5/11', 'Órgão', 3, 'AB+', 'Natal'),
('668.726.706-8', 'Felipe', '1956/3/1', 'Sangue', 5, 'AB+', 'Charqueada'),
('789.733.654-6', 'Olívia', '1984/4/20', 'Sangue', 3, 'B-', 'Brotas'),
('541.360.769-9', 'Ana Júlia', '1963/7/26', 'Órgão', 2, 'B+', 'São Luis'),
('191.606.429-4', 'Milena', '1979/2/24', 'Sangue', 4, 'O-', 'Brotas'),
('513.981.406-8', 'Ana Luísa', '2008/8/15', 'Órgão', 5, 'AB+', 'São Paulo'),
('504.945.989-1', 'Pedro', '1975/5/3', 'Órgão', 3, 'B-', 'Natal'),
('227.511.164-6', 'Bella', '2005/8/11', 'Órgão', 3, 'O-', 'Charqueada'),
('481.222.489-7', 'Guilherme', '1959/4/18', 'Órgão', 5, 'A+', 'São Luis'),
('621.391.456-6', 'Yasmin', '1992/12/9', 'Órgão', 5, 'A-', 'São Carlos'),
('701.942.996-1', 'Lívia', '1998/5/10', 'Sangue', 2, 'B+', 'Osasco'),
('811.576.212-6', 'Davi', '2015/8/28', 'Órgão', 4, 'B-', 'São Carlos'),
('935.836.281-9', 'Ana Luísa', '1999/1/14', 'Sangue', 3, 'B-', 'São Carlos'),
('349.876.697-4', 'Nicole', '2008/6/30', 'Órgão', 1, 'O+', 'Gramado'),
('559.271.907-9', 'Isadora', '1971/9/10', 'Órgão', 1, 'B-', 'Osasco'),
('977.250.968-6', 'Otávio', '1963/4/17', 'Sangue', 4, 'B-', 'Indaiatuba'),
('669.323.833-8', 'Théo', '2016/4/3', 'Órgão', 1, 'AB+', 'São Paulo'),
('281.352.602-1', 'Henrique', '1983/3/30', 'Sangue', 3, 'B+', 'Andradas'),
('238.696.803-3', 'Isabelly', '1982/6/20', 'Sangue', 5, 'B+', 'Itabuna'),
('300.134.881-8', 'Vinícius', '1990/7/16', 'Órgão', 2, 'O-', 'Brotas'),
('243.274.191-9', 'João Vitor', '1988/9/12', 'Órgão', 2, 'B-', 'Juiz de Fora'),
('757.546.179-9', 'Melissa', '1987/5/5', 'Sangue', 4, 'A-', 'Brotas'),
('571.447.387-8', 'MiguelLucca', '1971/6/11', 'Órgão', 3, 'A+', 'Indaiatuba'),
('346.267.519-5', 'Augusto', '2012/4/29', 'Sangue', 1, 'B+', 'Campinas'),
('453.231.114-8', 'Aurora', '1966/11/28', 'Sangue', 2, 'O-', 'São Carlos'),
('516.762.243-9', 'Derick', '1974/9/29', 'Órgão', 2, 'A+', 'Salvador'),
('332.652.815-6', 'Eloá', '1954/7/29', 'Sangue', 5, 'A+', 'Montes Claros'),
('987.634.645-6', 'Ana Liz', '1975/12/19', 'Sangue', 4, 'B+', 'Manaus'),
('495.680.586-4', 'Murilo', '1975/2/17', 'Sangue', 3, 'A-', 'Indaiatuba'),
('552.891.855-5', 'Yan', '2019/11/10', 'Órgão', 4, 'AB-', 'Osasco'),
('320.104.518-1', 'Marina', '1954/6/28', 'Órgão', 4, 'AB-', 'Fortaleza'),
('170.110.391-4', 'Davi', '2000/3/12', 'Órgão', 1, 'B+', 'Curitiba'),
('715.118.243-0', 'Yuri', '1971/8/27', 'Sangue', 4, 'AB-', 'Juiz de Fora'),
('812.535.914-5', 'Breno', '1958/9/30', 'Sangue', 1, 'B-', 'Charqueada'),
('188.159.640-7', 'MiguelLucca', '1989/4/12', 'Órgão', 1, 'AB-', 'Curitiba'),
('900.851.539-8', 'Maya', '2018/5/18', 'Órgão', 5, 'B-', 'Hortolândia'),
('151.531.773-1', 'Alice', '1991/10/9', 'Sangue', 5, 'O-', 'Andradas'),
('654.461.965-9', 'Lucas', '1996/10/13', 'Órgão', 1, 'A+', 'Campinas'),
('333.883.377-1', 'Gabriela', '1968/6/16', 'Sangue', 4, 'AB-', 'Natal'),
('690.303.143-0', 'Samuel', '1994/11/17', 'Órgão', 3, 'O-', 'Salto'),
('407.108.406-1', 'Davi Lucca', '1959/10/6', 'Sangue', 4, 'A+', 'Hortolândia'),
('485.920.905-4', 'Ryan', '2009/5/23', 'Órgão', 1, 'O-', 'São Paulo'),
('251.732.550-3', 'Alice', '1958/6/13', 'Sangue', 2, 'O-', 'Manaus'),
('812.144.648-4', 'Emanuelly', '2008/9/20', 'Órgão', 1, 'B-', 'Charqueada'),
('539.988.846-8', 'Ana Liz', '1959/9/1', 'Sangue', 1, 'B-', 'Andradas'),
('322.723.933-2', 'Gabriela', '1968/12/21', 'Órgão', 2, 'AB+', 'Osasco'),
('347.563.369-1', 'Ana', '2002/9/4', 'Sangue', 1, 'B-', 'Belo Horizonte'),
('465.475.866-3', 'Oliver', '2003/5/15', 'Sangue', 1, 'O+', 'São Carlos'),
('635.500.128-1', 'João Lucas', '2017/10/10', 'Órgão', 2, 'B-', 'Belo Horizonte'),
('215.570.575-1', 'Sophia', '2019/7/10', 'Órgão', 3, 'AB+', 'Indaiatuba'),
('547.719.330-5', 'Milena', '1951/8/14', 'Sangue', 5, 'A-', 'Montes Claros'),
('542.834.147-5', 'Maria Vitória', '1999/8/31', 'Sangue', 1, 'AB-', 'Brotas'),
('380.884.996-7', 'Maria', '1959/3/22', 'Sangue', 4, 'O+', 'São Paulo'),
('798.908.849-0', 'Bernardo', '1987/4/15', 'Sangue', 2, 'A+', 'Rio de Janeiro'),
('593.400.228-9', 'Benício', '1995/9/5', 'Sangue', 4, 'B-', 'Juiz de Fora'),
('633.661.218-7', 'Gustavo', '1994/10/11', 'Órgão', 5, 'A-', 'Rio de Janeiro'),
('615.268.649-7', 'Pedro', '2002/5/7', 'Órgão', 1, 'O+', 'Osasco'),
('948.857.318-7', 'Elisa', '2002/4/25', 'Órgão', 5, 'AB+', 'Natal'),
('770.218.261-0', 'Ana Clara', '1989/10/28', 'Órgão', 5, 'B-', 'São Carlos'),
('372.280.275-0', 'Maria Cecília', '1957/11/10', 'Sangue', 1, 'O-', 'Gramado'),
('686.718.492-0', 'Arthur Miguel', '1962/3/27', 'Sangue', 1, 'A-', 'Curitiba'),
('415.819.172-9', 'José', '2018/4/14', 'Sangue', 2, 'O+', 'Brotas'),
('567.665.866-3', 'Miguel', '2020/4/10', 'Órgão', 4, 'B-', 'Natal'),
('345.589.159-3', 'Breno', '1996/8/17', 'Órgão', 3, 'A-', 'Manaus'),
('417.874.796-0', 'Felipe', '1989/9/6', 'Sangue', 1, 'B+', 'Natal'),
('394.928.228-1', 'Anthony Gabriel', '1966/2/22', 'Sangue', 1, 'B+', 'Andradas'),
('107.105.704-2', 'João Lucas', '1989/10/19', 'Órgão', 5, 'B+', 'Fortaleza'),
('909.429.286-0', 'Maria Clara', '1973/5/8', 'Sangue', 2, 'B+', 'São Paulo'),
('580.549.999-5', 'Alícia', '2004/10/27', 'Órgão', 2, 'AB+', 'Fortaleza'),
('959.380.759-7', 'Ana Liz', '2009/5/10', 'Sangue', 1, 'A-', 'São Carlos'),
('160.646.436-0', 'Ryan', '1970/5/19', 'Sangue', 4, 'A-', 'Natal'),
('823.133.507-8', 'José', '2011/12/23', 'Órgão', 2, 'A-', 'Curitiba'),
('911.690.780-4', 'Mirella', '2002/7/7', 'Órgão', 1, 'A+', 'Curitiba'),
('462.936.434-9', 'Henrique', '2021/3/18', 'Sangue', 3, 'A-', 'Rio de Janeiro'),
('668.964.200-5', 'MiguelLucca', '1965/12/8', 'Sangue', 2, 'AB-', 'Curitiba'),
('959.623.845-9', 'Matheus', '2014/8/4', 'Órgão', 4, 'O-', 'Osasco'),
('485.218.896-3', 'Melissa', '2014/10/15', 'Sangue', 1, 'A+', 'Manaus'),
('994.824.325-0', 'Davi', '2012/7/23', 'Órgão', 4, 'B+', 'Fortaleza'),
('482.859.263-9', 'Felipe', '1952/2/18', 'Órgão', 3, 'B+', 'Charqueada'),
('587.632.204-8', 'Lavínia', '2010/1/14', 'Sangue', 3, 'B-', 'Campinas'),
('429.547.619-7', 'Gabriel', '1960/1/15', 'Sangue', 2, 'O-', 'Itabuna'),
('356.470.668-5', 'Yan', '2019/7/25', 'Sangue', 4, 'A+', 'São Paulo'),
('379.352.757-2', 'Giovanna', '1975/6/2', 'Sangue', 2, 'B+', 'Salvador'),
('405.346.142-0', 'Erick', '2015/4/23', 'Sangue', 5, 'O-', 'Osasco'),
('220.299.456-7', 'Yuri', '2011/8/5', 'Sangue', 1, 'O-', 'Itabuna'),
('293.835.809-3', 'Augusto', '1979/10/31', 'Órgão', 4, 'O-', 'Andradas'),
('868.698.299-7', 'Theodoro', '1998/11/21', 'Sangue', 1, 'B+', 'Brasília'),
('941.208.942-6', 'Derick', '1969/6/26', 'Órgão', 4, 'AB+', 'São Paulo'),
('383.354.838-2', 'Júlia', '1966/5/6', 'Órgão', 3, 'O-', 'Charqueada'),
('822.217.400-5', 'Enrico', '1952/2/5', 'Sangue', 4, 'B-', 'Fortaleza'),
('402.500.937-6', 'Gabriela', '2007/10/11', 'Sangue', 4, 'B+', 'Itabuna'),
('196.517.822-1', 'Henrique', '1954/2/14', 'Sangue', 2, 'A-', 'Salvador'),
('748.702.259-9', 'Thomas', '1963/7/27', 'Sangue', 1, 'A+', 'Salvador'),
('227.426.418-3', 'Valentina', '2005/7/22', 'Órgão', 4, 'B+', 'Gramado'),
('268.821.631-6', 'Francisco', '1994/8/16', 'Órgão', 3, 'B-', 'Osasco'),
('740.381.735-1', 'Helena', '1997/9/21', 'Sangue', 1, 'A-', 'Gramado'),
('818.933.197-2', 'Samuel', '2000/6/29', 'Órgão', 1, 'B-', 'Indaiatuba'),
('621.709.578-0', 'Anthony', '1966/1/21', 'Órgão', 3, 'O+', 'Indaiatuba'),
('315.109.498-1', 'Liz', '1998/5/7', 'Sangue', 5, 'AB-', 'Fortaleza'),
('559.909.314-9', 'Eloá', '1964/7/2', 'Sangue', 4, 'A-', 'Itabuna'),
('182.505.714-9', 'Maria Helena', '1986/7/30', 'Sangue', 5, 'B-', 'Rio de Janeiro'),
('838.948.303-2', 'Esther', '1954/1/4', 'Órgão', 4, 'A+', 'Campinas'),
('972.454.946-4', 'João Guilherme', '1975/9/16', 'Órgão', 5, 'B+', 'Belo Horizonte'),
('478.126.244-0', 'Augusto', '1981/10/30', 'Sangue', 5, 'AB-', 'Gramado'),
('970.533.147-4', 'Enrico', '1967/4/11', 'Órgão', 4, 'O+', 'Campinas'),
('146.397.314-4', 'Gabriela', '1994/9/13', 'Sangue', 4, 'B+', 'Manaus'),
('558.987.778-4', 'Nathan', '2020/3/4', 'Sangue', 2, 'A+', 'Campinas');


insert into doador (rg_doador, nome, data_nascimento, tipo_sanguineo, cidade, status_doador) values
('559.309.374-0', 'Samuel', '1968/5/11', 'AB-', 'Brotas', 'Vivo'),
('263.123.103-3', 'Antonella', '1954/4/21', 'B+', 'Montes Claros', 'Vivo'),
('615.910.485-6', 'Arthur Gabriel', '1962/5/3', 'B-', 'Osasco', 'Vivo'),
('794.166.950-1', 'Benício', '1985/10/19', 'A+', 'Montes Claros', 'Vivo'),
('412.223.152-8', 'Maria, Eduarda', '1964/11/30', 'B+', 'Manaus', 'Vivo'),
('220.199.819-7', 'Maria Júlia', '1954/7/13', 'AB-', 'Goiânia', 'Vivo'),
('442.961.166-1', 'Eloá', '2010/8/24', 'O-', 'Andradas', 'Vivo'),
('134.187.455-5', 'Isabelly', '1951/9/10', 'O-', 'Brotas', 'Vivo'),
('537.568.954-3', 'Luiz Miguel', '1956/9/15', 'B+', 'Brotas', 'Vivo'),
('601.482.816-9', 'Ravi', '2011/1/1', 'O-', 'Itabuna', 'Falecido'),
('947.447.426-4', 'Maria Alice', '2022/2/28', 'O+', 'Natal', 'Vivo'),
('444.213.804-5', 'Arthur Gabriel', '2017/12/9', 'B-', 'Indaiatuba', 'Vivo'),
('398.725.424-9', 'Maria Júlia', '1996/8/29', 'AB+', 'Montes Claros', 'Vivo'),
('549.220.297-6', 'Ana', '1950/8/3', 'AB+', 'Natal', 'Vivo'),
('124.516.448-3', 'Ana Liz', '1993/8/25', 'A+', 'Belo Horizonte', 'Vivo'),
('742.913.543-2', 'Enzo', '2018/11/14', 'AB-', 'Brasília', 'Vivo'),
('989.459.698-2', 'Théo', '1975/3/11', 'O+', 'Charqueada', 'Vivo'),
('210.227.925-6', 'Cauã', '1987/2/17', 'B+', 'Belo Horizonte', 'Vivo'),
('952.789.598-2', 'Luan', '2014/1/9', 'O-', 'Osasco', 'Falecido'),
('164.587.396-2', 'Derick', '1962/3/4', 'B-', 'Manaus', 'Vivo'),
('246.460.766-9', 'Gabriel', '1976/3/15', 'B-', 'Natal', 'Vivo'),
('487.531.380-6', 'João Lucas', '1976/7/28', 'B-', 'Goiânia', 'Vivo'),
('267.462.747-1', 'Alícia', '1976/4/28', 'AB+', 'Osasco', 'Falecido'),
('613.331.504-4', 'Maria, Eduarda', '1964/12/22', 'O-', 'Rio de Janeiro', 'Vivo'),
('635.542.783-4', 'Yan', '1961/4/30', 'AB-', 'Montes Claros', 'Vivo'),
('651.373.137-4', 'Isabelly', '1996/1/5', 'B-', 'Brasília', 'Falecido'),
('644.447.883-2', 'Yasmin', '2008/6/9', 'A+', 'Salvador', 'Vivo'),
('391.476.603-6', 'Isaac', '1960/3/29', 'B-', 'Salvador', 'Vivo'),
('796.547.621-1', 'Maria Alice', '1967/7/17', 'B+', 'Osasco', 'Vivo'),
('376.324.201-2', 'Esther', '1977/1/14', 'AB+', 'Goiânia', 'Vivo'),
('640.332.240-4', 'Murilo', '2011/4/6', 'AB-', 'São Carlos', 'Falecido'),
('142.412.955-0', 'Isabella', '1989/3/10', 'B+', 'Montes Claros', 'Vivo'),
('443.327.275-2', 'Henry', '1958/2/11', 'B+', 'São Carlos', 'Falecido'),
('484.117.683-7', 'Helena', '1978/1/15', 'A+', 'Hortolândia', 'Vivo'),
('169.674.679-8', 'Benício', '2015/3/27', 'A+', 'Andradas', 'Vivo'),
('420.738.582-4', 'João Vitor', '1956/7/17', 'O+', 'Hortolândia', 'Vivo'),
('952.597.319-3', 'Ana Clara', '2020/11/26', 'A+', 'Andradas', 'Vivo'),
('575.462.123-1', 'Arthur Gabriel', '2014/9/20', 'A-', 'São Luis', 'Vivo'),
('814.624.788-6', 'João Lucas', '1954/3/6', 'O+', 'São Luis', 'Vivo'),
('214.799.420-2', 'Benício', '1978/2/1', 'AB-', 'Osasco', 'Vivo'),
('949.478.845-3', 'Allana', '1964/10/19', 'A-', 'Belo Horizonte', 'Vivo'),
('882.235.339-9', 'Nathan', '2019/10/24', 'A-', 'Andradas', 'Vivo'),
('764.709.111-1', 'Guilherme', '2020/9/6', 'AB+', 'São Luis', 'Vivo'),
('428.873.546-5', 'Joaquim', '1994/7/30', 'B-', 'Brotas', 'Vivo'),
('518.449.674-5', 'Beatriz', '2005/12/25', 'A-', 'Indaiatuba', 'Vivo'),
('177.643.154-5', 'Breno', '2004/2/22', 'A-', 'Natal', 'Vivo'),
('987.713.219-1', 'Davi Lucas', '1982/8/20', 'A+', 'Campinas', 'Vivo'),
('497.748.803-9', 'João Guilherme', '2017/1/8', 'O+', 'Campinas', 'Vivo'),
('816.543.677-4', 'Joaquim', '1976/5/4', 'B+', 'Salto', 'Vivo'),
('695.355.333-2', 'Luiz Miguel', '1960/5/11', 'B+', 'Belo Horizonte', 'Vivo'),
('761.664.186-1', 'Derick', '1988/6/7', 'AB+', 'Brasília', 'Vivo'),
('412.820.257-6', 'Valentina', '2020/8/31', 'A-', 'Brasília', 'Falecido'),
('530.193.478-9', 'Gabriel', '1995/7/25', 'A+', 'Salto', 'Vivo'),
('150.674.836-1', 'Otávio', '1952/10/11', 'B-', 'Salvador', 'Vivo'),
('213.904.563-6', 'Rafaela', '1974/4/30', 'O+', 'Fortaleza', 'Vivo'),
('937.577.317-8', 'Catarina', '1965/6/26', 'AB+', 'Osasco', 'Vivo'),
('917.802.775-5', 'Arthur', '2012/3/30', 'O+', 'Hortolândia', 'Vivo'),
('150.930.315-1', 'Anthony Gabriel', '1999/1/19', 'O+', 'Andradas', 'Vivo'),
('828.811.860-8', 'Erick', '1974/7/21', 'A+', 'Natal', 'Falecido'),
('376.382.615-1', 'Maria Helena', '1969/6/5', 'A-', 'São Luis', 'Falecido'),
('480.786.461-6', 'João', '2020/8/29', 'B-', 'Curitiba', 'Vivo'),
('858.308.673-0', 'João Gabriel', '1996/11/15', 'B-', 'São Paulo', 'Vivo'),
('797.708.793-0', 'Nicole', '1963/7/5', 'AB+', 'São Luis', 'Vivo'),
('540.683.416-5', 'Maya', '1996/12/24', 'O+', 'Manaus', 'Vivo'),
('251.277.200-0', 'Miguel', '1952/7/8', 'O+', 'Campinas', 'Vivo'),
('227.761.944-7', 'Valentina', '2019/7/26', 'O-', 'Charqueada', 'Falecido'),
('567.441.922-1', 'Stella', '1968/7/8', 'O-', 'Fortaleza', 'Falecido'),
('659.403.501-3', 'Valentim', '1968/4/14', 'B+', 'Itabuna', 'Vivo'),
('783.470.365-3', 'Ana Luísa', '1979/8/7', 'B-', 'Montes Claros', 'Vivo'),
('292.814.840-9', 'Alice', '2010/12/30', 'O-', 'Charqueada', 'Vivo'),
('290.127.268-2', 'Thomas', '1959/1/11', 'A+', 'Natal', 'Vivo'),
('933.302.439-7', 'Ana Liz', '2007/5/21', 'AB-', 'Belo Horizonte', 'Vivo'),
('235.883.593-4', 'Théo', '1987/8/7', 'B+', 'Manaus', 'Vivo'),
('950.223.967-5', 'Maria Cecília', '2020/1/27', 'O-', 'Curitiba', 'Falecido'),
('741.759.529-9', 'Nicole', '1960/9/13', 'A+', 'Goiânia', 'Vivo'),
('588.452.168-7', 'Maria Júlia', '1956/5/21', 'A-', 'Salto', 'Vivo'),
('214.866.540-0', 'Emanuelly', '1995/10/5', 'AB+', 'Curitiba', 'Vivo'),
('890.980.568-4', 'Cauã', '1952/7/12', 'O+', 'Charqueada', 'Vivo'),
('798.707.161-5', 'Sophia', '2000/4/11', 'AB-', 'Campinas', 'Vivo'),
('598.731.794-0', 'Miguel', '1983/6/9', 'AB+', 'Salvador', 'Vivo'),
('127.264.314-0', 'Davi Lucas', '1985/5/4', 'O-', 'Curitiba', 'Vivo'),
('348.766.485-5', 'Allana', '1958/8/13', 'B+', 'Curitiba', 'Vivo'),
('231.555.885-7', 'Sophia', '1983/11/26', 'B+', 'Natal', 'Vivo'),
('550.775.434-0', 'Valentim', '1966/5/8', 'O-', 'Charqueada', 'Vivo'),
('727.363.240-5', 'Oliver', '2000/9/14', 'AB+', 'Brotas', 'Vivo'),
('945.678.549-3', 'Rebeca', '2020/4/2', 'AB-', 'Campinas', 'Vivo'),
('288.176.961-7', 'Alice', '2006/12/6', 'A-', 'Andradas', 'Vivo'),
('760.455.396-0', 'Nathan', '2006/3/9', 'AB-', 'Salto', 'Falecido'),
('587.128.296-1', 'Antonella', '1955/2/3', 'A+', 'Rio de Janeiro', 'Falecido'),
('153.742.852-1', 'João', '2020/10/27', 'A-', 'Brotas', 'Vivo'),
('761.253.834-2', 'Luna', '1956/10/4', 'A+', 'Charqueada', 'Falecido'),
('193.369.871-7', 'Heitor', '1973/4/27', 'AB+', 'Goiânia', 'Vivo'),
('481.176.657-6', 'Maria Clara', '1994/1/13', 'AB+', 'Curitiba', 'Vivo'),
('145.808.472-8', 'Júlia', '1977/8/26', 'O+', 'Campinas', 'Vivo'),
('328.731.913-5', 'Nathan', '1980/8/8', 'A+', 'Brasília', 'Vivo'),
('778.770.967-5', 'Agatha', '1984/1/20', 'O+', 'Natal', 'Falecido'),
('631.518.206-7', 'Maria', '1986/4/12', 'O-', 'Rio de Janeiro', 'Vivo'),
('727.291.741-6', 'Valentina', '1974/7/24', 'B-', 'Brotas', 'Vivo'),
('239.484.236-8', 'Esther', '2022/3/26', 'A+', 'Goiânia', 'Vivo'),
('653.915.298-2', 'João Guilherme', '1988/5/23', 'B+', 'Campinas', 'Vivo'),
('796.833.983-2', 'Antonella', '2001/4/9', 'O-', 'Itabuna', 'Vivo'),
('835.322.967-2', 'Breno', '1978/12/15', 'AB+', 'Indaiatuba', 'Vivo'),
('722.100.170-6', 'Maria, Eduarda', '1961/6/2', 'A+', 'Brotas', 'Vivo'),
('251.288.287-3', 'Felipe', '1963/1/11', 'A+', 'Curitiba', 'Vivo'),
('530.244.397-0', 'João Lucas', '1955/7/8', 'AB-', 'Andradas', 'Vivo'),
('853.117.289-8', 'Lorena', '1977/7/24', 'A+', 'São Paulo', 'Vivo'),
('377.800.189-0', 'Otávio', '2000/5/25', 'A-', 'Itabuna', 'Vivo'),
('971.253.670-1', 'Isabella', '1969/6/8', 'A-', 'Montes Claros', 'Vivo'),
('795.386.947-0', 'Elisa', '2006/7/22', 'A-', 'Salto', 'Vivo'),
('755.235.996-5', 'Isis', '1988/9/23', 'AB+', 'Charqueada', 'Vivo'),
('266.119.513-0', 'Maria Cecília', '1950/11/25', 'O-', 'São Paulo', 'Vivo'),
('629.566.430-3', 'Noah', '1968/5/18', 'B+', 'Indaiatuba', 'Vivo'),
('803.557.612-4', 'Isadora', '1958/9/16', 'O-', 'Campinas', 'Vivo'),
('613.610.831-0', 'Lara', '1990/7/23', 'AB-', 'Charqueada', 'Vivo'),
('395.475.157-5', 'Catarina', '1984/6/16', 'O-', 'São Luis', 'Vivo'),
('919.475.158-2', 'Sophia', '1962/6/27', 'A-', 'Brasília', 'Vivo'),
('541.187.237-2', 'Catarina', '2016/4/17', 'A+', 'Goiânia', 'Vivo'),
('795.917.511-0', 'Aurora', '1999/3/6', 'B+', 'Itabuna', 'Vivo'),
('277.159.291-8', 'Maria Helena', '2006/9/29', 'O+', 'Rio de Janeiro', 'Vivo'),
('597.985.659-4', 'Elisa', '1990/8/14', 'O-', 'Rio de Janeiro', 'Falecido'),
('782.543.333-3', 'Theodoro', '1993/9/19', 'AB+', 'São Carlos', 'Vivo'),
('898.291.318-1', 'Bryan', '1977/11/19', 'A+', 'Manaus', 'Vivo'),
('718.510.621-5', 'Maria, Eduarda', '2019/8/30', 'O-', 'Hortolândia', 'Vivo'),
('877.989.358-5', 'Mirella', '1988/9/25', 'B+', 'São Carlos', 'Vivo'),
('267.107.375-4', 'Luiz Miguel', '1996/3/25', 'O-', 'São Carlos', 'Vivo'),
('949.140.745-1', 'Ayla', '2016/7/27', 'A+', 'São Carlos', 'Vivo'),
('392.416.485-8', 'Derick', '1951/9/4', 'A-', 'Campinas', 'Falecido'),
('107.500.439-1', 'Antonella', '2009/2/23', 'B+', 'Fortaleza', 'Vivo'),
('525.244.933-3', 'Noah', '2001/3/29', 'B-', 'Rio de Janeiro', 'Vivo'),
('678.442.305-7', 'Anthony Gabriel', '1959/7/17', 'B+', 'Gramado', 'Vivo'),
('668.988.201-4', 'Davi Lucas', '1975/3/1', 'A-', 'Brasília', 'Vivo'),
('830.760.180-7', 'Henrique', '1982/3/12', 'A-', 'Osasco', 'Vivo'),
('258.521.587-2', 'Clara', '2020/7/30', 'O+', 'Curitiba', 'Vivo'),
('445.593.876-3', 'Maya', '2021/2/13', 'AB+', 'Indaiatuba', 'Vivo'),
('428.401.542-3', 'Yasmin', '2011/1/1', 'AB+', 'Andradas', 'Vivo'),
('847.211.294-1', 'João', '1972/8/11', 'O+', 'Juiz de Fora', 'Vivo'),
('489.844.946-4', 'Júlia', '1963/1/7', 'AB-', 'Salto', 'Vivo'),
('760.491.692-1', 'Maitê', '1972/2/5', 'AB-', 'Indaiatuba', 'Falecido'),
('201.682.354-5', 'Benjamin', '1985/7/15', 'A-', 'São Paulo', 'Vivo'),
('560.954.838-5', 'Yuri', '2003/6/28', 'A+', 'Goiânia', 'Vivo'),
('110.585.619-2', 'Maya', '1952/11/9', 'AB+', 'Hortolândia', 'Vivo'),
('896.588.286-1', 'Gustavo', '1962/2/14', 'B+', 'Natal', 'Vivo'),
('756.164.140-5', 'Oliver', '1994/1/27', 'B-', 'Brotas', 'Vivo'),
('702.676.608-4', 'Oliver', '2019/9/8', 'AB-', 'Itabuna', 'Vivo'),
('789.897.191-3', 'Vinícius', '1970/10/2', 'AB+', 'Campinas', 'Vivo'),
('416.807.229-7', 'João Vitor', '1978/12/20', 'O+', 'Fortaleza', 'Vivo'),
('344.516.712-7', 'Benício', '1955/9/13', 'O+', 'Fortaleza', 'Falecido'),
('566.763.616-7', 'José', '1972/11/21', 'A-', 'Brasília', 'Vivo'),
('649.279.957-0', 'Erick', '2014/5/9', 'AB-', 'Goiânia', 'Vivo'),
('419.697.218-0', 'Agatha', '2012/10/29', 'AB-', 'Curitiba', 'Vivo'),
('714.360.630-9', 'Maria Helena', '1962/9/6', 'B-', 'Osasco', 'Vivo'),
('249.173.164-1', 'Antonella', '1957/3/7', 'B+', 'Goiânia', 'Falecido'),
('338.962.762-9', 'João Lucas', '1988/9/2', 'A-', 'Natal', 'Vivo'),
('994.608.354-1', 'João Gabriel', '2005/9/23', 'B+', 'Brasília', 'Vivo'),
('450.387.457-1', 'Sarah', '1962/12/5', 'A+', 'Hortolândia', 'Vivo'),
('469.475.763-3', 'Anthony Gabriel', '1983/9/17', 'A-', 'Manaus', 'Falecido'),
('308.317.329-4', 'Nicole', '1967/3/5', 'B-', 'Itabuna', 'Vivo'),
('405.290.531-7', 'Beatriz', '1950/9/27', 'A+', 'Salvador', 'Vivo'),
('324.653.782-5', 'Heitor', '1986/2/22', 'B-', 'Campinas', 'Vivo'),
('594.805.623-2', 'Yasmin', '1992/10/21', 'B+', 'Osasco', 'Vivo'),
('293.597.533-0', 'Clara', '1982/8/31', 'AB-', 'Charqueada', 'Vivo'),
('742.726.246-0', 'Apollo', '1965/8/4', 'AB+', 'Juiz de Fora', 'Vivo'),
('588.864.889-5', 'Vitória', '1971/1/22', 'B-', 'Belo Horizonte', 'Vivo'),
('116.814.899-5', 'Joaquim', '1968/1/13', 'AB+', 'Osasco', 'Vivo'),
('811.156.609-3', 'Arthur', '1992/9/8', 'O-', 'Montes Claros', 'Vivo'),
('420.257.869-8', 'Joaquim', '1997/12/31', 'A+', 'Belo Horizonte', 'Vivo'),
('998.379.976-0', 'Nicole', '1957/4/29', 'A+', 'São Paulo', 'Vivo'),
('351.917.564-1', 'João Gabriel', '2012/11/15', 'B-', 'São Carlos', 'Falecido'),
('537.308.560-3', 'Erick', '1967/11/21', 'AB-', 'Campinas', 'Vivo'),
('684.749.663-2', 'Heitor', '2009/2/13', 'B-', 'Brotas', 'Vivo'),
('537.397.453-9', 'Laura', '2011/9/23', 'AB+', 'São Paulo', 'Vivo'),
('598.422.881-6', 'Breno', '2006/4/2', 'O-', 'Natal', 'Vivo'),
('588.186.663-9', 'Rael', '1958/5/25', 'B-', 'Curitiba', 'Vivo'),
('492.469.670-2', 'Laura', '1951/2/9', 'B+', 'São Luis', 'Vivo'),
('148.479.135-8', 'Breno', '1971/11/30', 'O-', 'Montes Claros', 'Vivo'),
('948.267.137-5', 'Luan', '1988/6/18', 'A-', 'Goiânia', 'Vivo'),
('669.750.437-0', 'Stella', '1985/6/30', 'B+', 'Rio de Janeiro', 'Vivo'),
('919.395.384-1', 'Benjamin', '1985/10/13', 'A-', 'Brotas', 'Vivo'),
('170.971.665-6', 'Thomas', '2008/4/12', 'A-', 'Goiânia', 'Vivo'),
('765.172.122-3', 'Henry', '2007/11/8', 'B-', 'Natal', 'Vivo'),
('984.809.416-0', 'Mirella', '1997/6/20', 'A-', 'Montes Claros', 'Vivo'),
('680.760.270-2', 'Mariana', '1980/3/16', 'O+', 'Charqueada', 'Vivo'),
('283.534.775-8', 'Manuela', '2007/11/25', 'A+', 'Gramado', 'Falecido'),
('859.863.110-7', 'Theodoro', '1977/4/3', 'B+', 'Juiz de Fora', 'Vivo'),
('978.675.480-6', 'Arthur Miguel', '1990/2/15', 'O+', 'Charqueada', 'Vivo'),
('681.874.202-9', 'Maria Júlia', '1954/12/16', 'O+', 'Indaiatuba', 'Vivo'),
('859.142.329-8', 'Cecília', '1969/3/13', 'A-', 'Indaiatuba', 'Vivo'),
('642.489.165-6', 'Nathan', '2008/3/8', 'B-', 'Goiânia', 'Vivo'),
('865.640.459-9', 'Noah', '1976/12/9', 'O-', 'São Carlos', 'Vivo'),
('453.243.840-1', 'Ayla', '1962/2/17', 'AB-', 'São Luis', 'Vivo'),
('238.485.608-2', 'Maria', '1998/11/29', 'A-', 'Andradas', 'Vivo'),
('210.870.822-6', 'Lorenzo', '2016/7/2', 'B+', 'Andradas', 'Vivo'),
('681.387.285-2', 'Samuel', '2009/3/28', 'AB-', 'Goiânia', 'Falecido'),
('728.337.383-8', 'Gabriela', '1972/11/28', 'B-', 'Gramado', 'Vivo'),
('282.929.290-4', 'Otávio', '1994/6/9', 'AB+', 'Manaus', 'Vivo'),
('207.130.418-7', 'Yan', '1974/9/16', 'B-', 'Charqueada', 'Vivo'),
('325.612.554-8', 'Lorena', '1972/12/21', 'A-', 'Curitiba', 'Vivo'),
('740.413.166-3', 'Mirella', '1957/2/1', 'O-', 'Fortaleza', 'Falecido'),
('582.205.997-5', 'Eduardo', '1977/8/31', 'O+', 'Goiânia', 'Vivo'),
('758.485.626-5', 'Maria Vitória', '1950/10/7', 'A+', 'Charqueada', 'Falecido'),
('687.296.648-2', 'Felipe', '1978/5/24', 'AB+', 'Goiânia', 'Vivo'),
('778.639.665-9', 'Rebeca', '2022/12/10', 'AB+', 'Goiânia', 'Vivo'),
('555.427.948-7', 'João Lucas', '1990/5/17', 'B-', 'São Paulo', 'Vivo'),
('826.330.257-7', 'Júlia', '1974/8/30', 'O+', 'Itabuna', 'Vivo'),
('878.903.931-1', 'Isaac', '2021/7/4', 'AB+', 'Gramado', 'Vivo'),
('933.499.690-5', 'Eduardo', '1991/8/8', 'A+', 'São Paulo', 'Vivo'),
('970.705.672-6', 'Thomas', '1980/3/7', 'B+', 'Charqueada', 'Vivo'),
('745.211.593-9', 'Gabriela', '1960/9/28', 'O-', 'Montes Claros', 'Vivo'),
('144.149.625-3', 'Luna', '1952/2/13', 'AB-', 'Curitiba', 'Vivo'),
('226.740.365-7', 'Ryan', '1962/5/18', 'B-', 'Campinas', 'Vivo'),
('771.405.748-4', 'Liz', '1989/3/11', 'O+', 'Montes Claros', 'Vivo'),
('818.420.790-4', 'Júlia', '1969/1/19', 'AB+', 'Fortaleza', 'Vivo'),
('673.594.421-4', 'Luan', '2019/6/9', 'O+', 'São Luis', 'Vivo'),
('953.322.925-4', 'Caio', '2006/11/20', 'A+', 'Natal', 'Vivo'),
('126.382.544-7', 'Henry', '1981/5/9', 'O+', 'Curitiba', 'Falecido'),
('788.554.602-2', 'Isaac', '2013/1/14', 'O+', 'Goiânia', 'Vivo'),
('830.961.214-4', 'Isis', '1968/11/12', 'A+', 'Manaus', 'Vivo'),
('270.438.970-1', 'Stella', '1998/1/30', 'B-', 'Curitiba', 'Vivo'),
('581.499.806-5', 'Lorenzo', '2001/8/22', 'A-', 'Salto', 'Vivo'),
('219.913.976-4', 'Apollo', '2003/10/22', 'A-', 'Charqueada', 'Vivo'),
('661.859.610-4', 'Yuri', '1962/3/11', 'AB+', 'Rio de Janeiro', 'Vivo'),
('535.219.643-6', 'Melissa', '1966/5/7', 'A-', 'Salto', 'Falecido'),
('902.705.443-9', 'Catarina', '1956/9/15', 'A-', 'Andradas', 'Vivo'),
('290.321.672-9', 'Benício', '1986/9/25', 'B-', 'Fortaleza', 'Vivo'),
('388.287.982-4', 'Bella', '1961/4/28', 'A+', 'Montes Claros', 'Vivo'),
('515.226.263-3', 'Valentim', '1975/2/28', 'B+', 'Brasília', 'Vivo'),
('663.312.431-1', 'Gustavo', '1951/11/11', 'AB-', 'Hortolândia', 'Falecido'),
('353.449.377-9', 'Maria Luísa', '2019/9/5', 'AB+', 'Hortolândia', 'Falecido'),
('909.514.719-0', 'Rebeca', '1954/5/2', 'O+', 'Goiânia', 'Vivo'),
('608.977.112-4', 'Ana Júlia', '2021/7/12', 'O+', 'Andradas', 'Vivo'),
('957.463.568-7', 'Cecília', '1970/8/15', 'AB+', 'Curitiba', 'Falecido'),
('624.289.147-1', 'Gabriela', '1988/11/27', 'B-', 'Natal', 'Vivo'),
('329.149.414-0', 'Eduardo', '1993/6/26', 'B+', 'Montes Claros', 'Vivo'),
('277.529.991-5', 'Allana', '2008/3/4', 'AB-', 'Curitiba', 'Vivo'),
('131.174.819-4', 'Davi', '1990/6/10', 'AB-', 'Curitiba', 'Vivo'),
('175.222.619-3', 'Augusto', '1958/8/10', 'B-', 'Fortaleza', 'Vivo'),
('407.582.388-8', 'Rael', '1956/10/23', 'B-', 'Juiz de Fora', 'Vivo'),
('961.499.963-8', 'Matheus', '1986/9/2', 'AB+', 'São Paulo', 'Vivo'),
('552.780.314-3', 'Arthur Miguel', '2014/8/2', 'A+', 'Salvador', 'Vivo'),
('803.593.379-0', 'Augusto', '1982/11/3', 'A-', 'Gramado', 'Vivo'),
('948.569.374-7', 'Maria Júlia', '1990/10/7', 'B-', 'São Carlos', 'Vivo'),
('171.476.430-9', 'Davi', '2005/5/5', 'AB+', 'São Paulo', 'Vivo'),
('421.939.287-3', 'Théo', '1983/2/23', 'A-', 'Natal', 'Vivo'),
('410.928.262-5', 'Matheus', '2016/12/14', 'O-', 'São Paulo', 'Vivo'),
('313.350.343-8', 'Yasmin', '2014/7/14', 'AB+', 'Itabuna', 'Vivo'),
('167.189.681-5', 'Maria Clara', '1995/12/31', 'A-', 'São Paulo', 'Vivo'),
('588.522.140-6', 'Pedro', '1968/4/15', 'AB-', 'São Luis', 'Vivo'),
('977.839.942-7', 'José', '2022/5/31', 'A-', 'São Carlos', 'Vivo'),
('700.778.216-7', 'Liz', '1968/6/26', 'A+', 'Gramado', 'Vivo'),
('707.116.754-5', 'Maria Vitória', '2012/10/16', 'O-', 'Natal', 'Vivo'),
('490.181.863-9', 'Antonella', '1964/2/20', 'A-', 'Itabuna', 'Vivo'),
('985.594.484-5', 'Laura', '1955/5/16', 'O-', 'Belo Horizonte', 'Falecido'),
('982.580.115-5', 'Liz', '1954/10/20', 'A+', 'Campinas', 'Vivo'),
('539.878.885-3', 'Ana Clara', '2016/4/15', 'AB-', 'Belo Horizonte', 'Vivo'),
('367.772.507-9', 'Theodoro', '1974/3/12', 'AB-', 'Rio de Janeiro', 'Vivo'),
('790.964.580-7', 'Sophia', '1994/1/27', 'O+', 'Belo Horizonte', 'Vivo'),
('436.761.182-3', 'Ayla', '2010/11/4', 'O-', 'Natal', 'Vivo'),
('504.850.162-9', 'Erick', '1998/11/1', 'B+', 'Brasília', 'Vivo'),
('293.813.312-0', 'João Guilherme', '1978/3/16', 'O-', 'Charqueada', 'Vivo'),
('651.714.407-7', 'Ravi', '2021/11/19', 'AB+', 'São Carlos', 'Falecido'),
('570.434.995-2', 'Manuela', '1985/1/2', 'A+', 'Salvador', 'Vivo'),
('649.804.697-1', 'Ryan', '2021/10/23', 'B+', 'Osasco', 'Vivo'),
('793.570.861-1', 'Beatriz', '2017/7/31', 'AB+', 'Itabuna', 'Vivo'),
('405.706.956-6', 'Laura', '1974/5/9', 'O-', 'Belo Horizonte', 'Falecido'),
('188.812.955-9', 'Mathias', '2021/5/2', 'O-', 'São Carlos', 'Vivo'),
('485.269.588-9', 'Miguel', '1959/1/16', 'AB-', 'Belo Horizonte', 'Falecido'),
('782.967.834-5', 'Luiz Miguel', '1961/2/21', 'AB+', 'Manaus', 'Vivo'),
('909.787.108-3', 'Nicole', '1991/11/25', 'AB-', 'Hortolândia', 'Vivo'),
('297.907.760-5', 'Isis', '2001/7/16', 'AB-', 'Belo Horizonte', 'Vivo'),
('489.501.864-5', 'Ryan', '2021/4/10', 'B-', 'Indaiatuba', 'Vivo'),
('511.401.925-6', 'Anthony', '1999/11/25', 'A+', 'Manaus', 'Vivo'),
('480.615.166-4', 'Lucas', '1953/8/23', 'O-', 'Charqueada', 'Vivo'),
('979.788.281-8', 'Erick', '1975/12/26', 'B-', 'Andradas', 'Vivo'),
('360.464.968-3', 'Maria Clara', '1993/8/3', 'AB+', 'Natal', 'Vivo'),
('718.756.548-4', 'Maria Helena', '1961/7/2', 'B-', 'Campinas', 'Vivo'),
('267.128.236-9', 'Augusto', '1971/12/20', 'O+', 'Fortaleza', 'Vivo'),
('476.994.342-9', 'Gabriel', '1995/11/19', 'B-', 'Gramado', 'Vivo'),
('897.200.649-3', 'Erick', '2001/7/31', 'O-', 'São Paulo', 'Vivo'),
('312.337.451-3', 'Rafael', '1950/3/22', 'B-', 'Montes Claros', 'Vivo'),
('564.524.767-0', 'Emilly', '1980/4/16', 'B+', 'São Luis', 'Vivo'),
('107.688.969-2', 'Benjamin', '1956/9/30', 'B-', 'Gramado', 'Falecido'),
('239.766.993-8', 'Theodoro', '1962/2/8', 'A+', 'Juiz de Fora', 'Falecido'),
('365.239.908-1', 'Lorenzo', '2019/10/31', 'AB-', 'Osasco', 'Vivo'),
('836.781.213-4', 'Otávio', '1980/12/19', 'O+', 'Montes Claros', 'Vivo'),
('944.696.825-1', 'Bella', '2009/3/18', 'B+', 'Andradas', 'Falecido'),
('907.558.735-0', 'Benício', '1988/5/18', 'A-', 'São Paulo', 'Falecido'),
('207.295.459-3', 'Benjamin', '2016/1/30', 'O-', 'Indaiatuba', 'Vivo'),
('360.871.909-1', 'Maria Júlia', '1985/9/23', 'A-', 'Rio de Janeiro', 'Vivo'),
('899.896.211-6', 'Bryan', '1972/12/24', 'AB+', 'Andradas', 'Vivo'),
('891.363.771-0', 'Stella', '1967/2/19', 'B-', 'Belo Horizonte', 'Vivo'),
('158.451.178-5', 'João Guilherme', '1993/2/28', 'A-', 'Belo Horizonte', 'Vivo'),
('945.566.855-3', 'Lorenzo', '1972/3/29', 'A+', 'Indaiatuba', 'Vivo'),
('740.724.355-5', 'Benício', '1971/12/23', 'O-', 'Gramado', 'Vivo'),
('525.485.915-0', 'Apollo', '1995/8/13', 'O+', 'Hortolândia', 'Vivo'),
('604.264.210-9', 'Oliver', '1992/12/23', 'A+', 'Montes Claros', 'Vivo'),
('543.166.481-6', 'Esther', '1980/10/21', 'B+', 'Montes Claros', 'Vivo'),
('124.323.165-0', 'Maya', '1985/4/27', 'B+', 'Natal', 'Vivo'),
('238.131.965-1', 'Agatha', '1988/9/4', 'O-', 'Natal', 'Vivo'),
('863.221.222-7', 'Breno', '1957/9/22', 'AB-', 'Natal', 'Falecido'),
('519.679.599-1', 'Maitê', '1997/2/17', 'B+', 'Montes Claros', 'Falecido'),
('589.682.787-8', 'Oliver', '1973/11/3', 'A+', 'Goiânia', 'Vivo'),
('419.942.642-7', 'Milena', '2021/11/14', 'O+', 'Campinas', 'Vivo'),
('273.509.373-0', 'Benício', '1957/8/1', 'A+', 'Brasília', 'Falecido'),
('460.261.872-6', 'Yuri', '1956/7/19', 'B+', 'Salvador', 'Vivo'),
('329.878.676-2', 'Samuel', '1981/11/30', 'B-', 'Campinas', 'Vivo'),
('929.358.267-0', 'Maria Clara', '1977/4/29', 'A+', 'Natal', 'Vivo'),
('357.440.455-5', 'Pedro', '1958/12/14', 'A+', 'Curitiba', 'Vivo'),
('384.730.122-4', 'Ana Liz', '2017/3/4', 'B+', 'São Luis', 'Vivo'),
('974.157.399-8', 'Ryan', '2015/11/30', 'AB+', 'Fortaleza', 'Vivo'),
('998.486.783-9', 'Maria Clara', '2015/4/27', 'O-', 'Brasília', 'Vivo'),
('923.491.928-7', 'Manuela', '1992/8/5', 'O-', 'Gramado', 'Vivo'),
('924.669.102-6', 'Giovanna', '2009/12/26', 'O-', 'Gramado', 'Vivo'),
('875.430.802-9', 'Ana', '1952/12/1', 'A-', 'Hortolândia', 'Falecido'),
('803.777.536-5', 'Otávio', '1986/3/26', 'B-', 'Curitiba', 'Vivo'),
('561.862.627-9', 'Rafael', '1991/9/4', 'AB+', 'Campinas', 'Vivo'),
('101.514.172-5', 'Antonella', '1984/6/28', 'B+', 'Itabuna', 'Vivo'),
('154.403.915-9', 'Augusto', '2010/11/14', 'A+', 'Salto', 'Vivo'),
('250.213.408-1', 'Marina', '2021/11/3', 'A-', 'Belo Horizonte', 'Falecido'),
('357.107.471-9', 'Joaquim', '1999/8/2', 'O-', 'Charqueada', 'Vivo'),
('869.784.117-7', 'Benjamin', '2010/8/9', 'B-', 'Belo Horizonte', 'Falecido'),
('831.262.917-4', 'Lavínia', '1993/2/11', 'AB+', 'Rio de Janeiro', 'Vivo'),
('688.404.545-9', 'Marina', '1974/2/18', 'A-', 'Rio de Janeiro', 'Vivo'),
('351.451.578-2', 'Maya', '1981/3/10', 'AB-', 'Rio de Janeiro', 'Vivo'),
('823.590.182-1', 'Mathias', '1972/6/11', 'AB+', 'Curitiba', 'Vivo'),
('446.546.875-6', 'Nathan', '2020/9/15', 'B-', 'Itabuna', 'Vivo'),
('799.133.358-0', 'Rafaela', '2007/9/1', 'B-', 'Rio de Janeiro', 'Falecido'),
('962.156.253-3', 'Marina', '2010/6/10', 'B-', 'Brasília', 'Vivo'),
('712.209.471-6', 'Luna', '1954/9/22', 'A+', 'Campinas', 'Vivo'),
('532.551.247-3', 'Otávio', '1972/11/7', 'O+', 'São Carlos', 'Vivo'),
('329.277.685-8', 'Maria Clara', '2022/9/5', 'A+', 'Brotas', 'Vivo'),
('218.752.186-3', 'Catarina', '2015/8/9', 'O-', 'Natal', 'Vivo'),
('339.263.489-8', 'Milena', '2000/1/4', 'B+', 'Indaiatuba', 'Vivo'),
('955.601.559-9', 'Isadora', '2016/8/18', 'B+', 'Brotas', 'Vivo'),
('306.443.602-9', 'Sarah', '1988/9/8', 'B-', 'Curitiba', 'Vivo'),
('562.429.237-5', 'Gabriel', '2018/7/17', 'AB+', 'Salto', 'Vivo'),
('982.302.638-0', 'Ícaro', '1950/1/29', 'O+', 'Charqueada', 'Vivo'),
('891.288.242-9', 'Anthony Gabriel', '1957/1/30', 'A+', 'Charqueada', 'Vivo'),
('962.786.397-8', 'Elisa', '1990/3/14', 'A+', 'Natal', 'Vivo'),
('783.239.156-6', 'João Vitor', '1955/2/24', 'A+', 'Fortaleza', 'Falecido'),
('250.390.707-3', 'Caio', '1997/2/22', 'AB-', 'Fortaleza', 'Vivo'),
('797.162.702-8', 'Yuri', '1957/11/17', 'A+', 'São Carlos', 'Vivo'),
('753.188.711-3', 'Oliver', '1954/2/8', 'B-', 'São Luis', 'Vivo'),
('277.376.129-7', 'Enrico', '2002/9/22', 'AB-', 'Fortaleza', 'Vivo'),
('291.291.931-0', 'Catarina', '1953/2/2', 'O-', 'São Carlos', 'Vivo'),
('725.950.110-6', 'Noah', '1959/11/6', 'B-', 'Campinas', 'Vivo'),
('191.763.694-4', 'Helena', '1992/6/5', 'B-', 'São Carlos', 'Vivo'),
('459.960.132-8', 'Olívia', '1956/11/17', 'B-', 'Belo Horizonte', 'Falecido'),
('400.186.603-9', 'Sophia', '1985/11/8', 'B+', 'Juiz de Fora', 'Vivo'),
('913.316.514-3', 'Heitor', '1970/7/12', 'A-', 'Osasco', 'Vivo'),
('237.778.305-9', 'Catarina', '1950/4/6', 'B+', 'Charqueada', 'Vivo'),
('734.742.381-3', 'Beatriz', '2013/1/28', 'O+', 'Manaus', 'Falecido'),
('652.428.187-3', 'Yuri', '2013/6/2', 'A-', 'Campinas', 'Vivo'),
('439.222.116-1', 'Allana', '1987/1/6', 'B+', 'Brasília', 'Vivo'),
('688.311.590-7', 'Lara', '1963/5/18', 'O-', 'Andradas', 'Vivo'),
('196.879.478-5', 'Arthur Miguel', '2002/1/6', 'O-', 'Brasília', 'Vivo'),
('468.768.699-6', 'Maria Clara', '1963/8/8', 'O-', 'São Carlos', 'Falecido'),
('617.885.852-9', 'Noah', '2013/9/29', 'O+', 'Natal', 'Vivo'),
('479.751.113-7', 'Anthony Gabriel', '2001/7/28', 'O-', 'Brotas', 'Vivo'),
('733.434.977-3', 'Maria', '1980/10/16', 'AB+', 'Gramado', 'Vivo'),
('925.952.208-9', 'Matheus', '2000/11/4', 'O-', 'São Luis', 'Vivo'),
('776.385.596-0', 'Théo', '2003/3/23', 'A+', 'Andradas', 'Vivo'),
('812.472.224-1', 'João Lucas', '1996/7/3', 'O+', 'Natal', 'Vivo'),
('921.468.969-0', 'Isadora', '1960/2/9', 'AB+', 'Natal', 'Vivo'),
('305.851.813-7', 'Alice', '1983/8/30', 'O-', 'São Luis', 'Vivo'),
('875.988.517-7', 'Ayla', '1968/3/1', 'AB-', 'Andradas', 'Vivo'),
('163.555.378-5', 'João Gabriel', '1956/10/9', 'A-', 'Hortolândia', 'Falecido'),
('112.491.188-6', 'Ana', '1979/6/9', 'A+', 'Salto', 'Vivo'),
('154.754.567-7', 'Henrique', '1976/6/12', 'A-', 'Gramado', 'Vivo'),
('385.696.885-4', 'Maria Cecília', '1953/4/7', 'A+', 'São Paulo', 'Vivo'),
('934.756.540-7', 'Luan', '1998/3/16', 'A+', 'Charqueada', 'Vivo'),
('467.325.666-1', 'Beatriz', '1993/7/24', 'A-', 'Andradas', 'Vivo'),
('586.759.399-5', 'Anthony', '1996/3/15', 'A-', 'Itabuna', 'Vivo'),
('655.163.515-3', 'Cecília', '1977/12/23', 'A+', 'Gramado', 'Vivo'),
('486.348.796-2', 'Ayla', '2013/2/21', 'A-', 'Curitiba', 'Vivo'),
('115.394.537-7', 'Melissa', '1954/6/7', 'AB+', 'Montes Claros', 'Falecido'),
('466.128.659-1', 'Isabelly', '2017/3/22', 'B+', 'Goiânia', 'Vivo'),
('490.954.381-4', 'Oliver', '2007/12/22', 'O+', 'Charqueada', 'Vivo'),
('365.963.711-8', 'Yasmin', '1954/3/9', 'AB-', 'Salvador', 'Vivo'),
('517.735.857-5', 'Giovanna', '1977/8/16', 'B+', 'Salto', 'Vivo'),
('865.459.756-1', 'Arthur Gabriel', '1992/5/16', 'B-', 'Belo Horizonte', 'Vivo'),
('515.363.445-0', 'Emanuelly', '2007/5/11', 'AB+', 'Natal', 'Falecido'),
('818.702.656-2', 'Anthony Gabriel', '1993/2/2', 'B-', 'Hortolândia', 'Falecido'),
('384.611.733-5', 'Eduardo', '1982/1/27', 'O+', 'Campinas', 'Vivo'),
('171.267.988-8', 'Maria Alice', '1967/8/6', 'B-', 'Andradas', 'Vivo'),
('310.774.528-0', 'Beatriz', '2020/4/26', 'AB-', 'Juiz de Fora', 'Vivo'),
('294.192.426-1', 'Júlia', '2012/10/21', 'A+', 'São Carlos', 'Vivo'),
('751.872.378-8', 'Catarina', '2016/2/4', 'B+', 'Belo Horizonte', 'Vivo'),
('906.830.711-6', 'João Lucas', '1953/7/26', 'AB-', 'Itabuna', 'Vivo'),
('562.441.238-9', 'Stella', '2020/1/18', 'A-', 'Natal', 'Vivo'),
('585.372.840-9', 'Ana Júlia', '1978/4/11', 'O+', 'São Paulo', 'Vivo'),
('171.548.209-2', 'Arthur Miguel', '1951/9/2', 'AB+', 'São Paulo', 'Vivo'),
('112.258.812-6', 'Breno', '1988/9/15', 'B-', 'Brotas', 'Vivo'),
('399.203.384-3', 'Bella', '2005/9/11', 'B+', 'Indaiatuba', 'Vivo'),
('496.848.750-6', 'Davi Lucas', '1998/4/2', 'AB+', 'Brasília', 'Vivo'),
('161.540.614-8', 'Ana Luísa', '1966/3/12', 'O-', 'Juiz de Fora', 'Vivo'),
('482.723.950-2', 'Yasmin', '1986/9/6', 'B+', 'Hortolândia', 'Vivo'),
('909.442.605-4', 'Breno', '1959/5/20', 'A-', 'Gramado', 'Vivo'),
('561.620.376-9', 'Luan', '1952/9/21', 'B-', 'Curitiba', 'Vivo'),
('231.797.964-6', 'João Vitor', '2004/8/27', 'O-', 'Belo Horizonte', 'Vivo'),
('490.424.957-3', 'Breno', '1980/3/30', 'B-', 'Goiânia', 'Vivo'),
('311.313.577-3', 'Gabriel', '1981/3/29', 'O-', 'Curitiba', 'Vivo'),
('691.160.690-8', 'Beatriz', '2012/6/17', 'AB+', 'Itabuna', 'Vivo'),
('623.581.800-3', 'Valentina', '1955/8/14', 'O-', 'Salto', 'Vivo'),
('270.865.357-0', 'Derick', '1985/2/11', 'A-', 'Brasília', 'Vivo'),
('138.863.394-6', 'Eduardo', '1954/4/27', 'A-', 'São Carlos', 'Vivo'),
('558.252.507-9', 'Ana Júlia', '2000/6/15', 'B+', 'Fortaleza', 'Vivo'),
('918.957.162-4', 'Noah', '1965/11/8', 'B-', 'Andradas', 'Vivo'),
('323.380.141-3', 'Lavínia', '2015/8/5', 'O-', 'Andradas', 'Vivo'),
('503.208.611-1', 'Davi', '1959/10/15', 'A-', 'São Luis', 'Vivo'),
('288.831.107-9', 'Henry', '1963/3/9', 'A-', 'Fortaleza', 'Vivo'),
('285.744.273-4', 'Isabelly', '2012/7/4', 'B+', 'São Carlos', 'Vivo'),
('675.188.778-3', 'Maria Luísa', '1992/6/22', 'O+', 'Goiânia', 'Vivo'),
('864.570.612-7', 'Davi Lucca', '2005/3/21', 'AB+', 'Juiz de Fora', 'Vivo'),
('875.634.490-8', 'Anthony Gabriel', '1980/7/17', 'A+', 'Salvador', 'Vivo'),
('473.763.159-9', 'Stella', '1950/6/9', 'A+', 'Andradas', 'Falecido'),
('914.879.345-5', 'Alícia', '1972/9/12', 'AB+', 'Manaus', 'Vivo'),
('926.220.381-7', 'Gabriel', '1953/9/25', 'A+', 'Natal', 'Vivo'),
('335.936.695-8', 'Luan', '1968/12/11', 'AB+', 'Fortaleza', 'Vivo'),
('195.126.483-6', 'Apollo', '1973/8/11', 'B-', 'Fortaleza', 'Vivo'),
('393.388.262-8', 'Lara', '1950/12/17', 'O+', 'Hortolândia', 'Vivo'),
('558.995.237-2', 'Nicole', '2022/5/22', 'O-', 'Juiz de Fora', 'Vivo'),
('540.942.351-1', 'Maria, Eduarda', '1953/10/3', 'A+', 'Itabuna', 'Falecido'),
('681.831.958-8', 'Luísa', '2020/4/29', 'B+', 'Curitiba', 'Vivo'),
('647.633.750-6', 'João', '1967/9/12', 'B+', 'Gramado', 'Vivo'),
('384.348.525-1', 'Eduardo', '1972/7/3', 'A-', 'Campinas', 'Vivo'),
('963.101.829-2', 'Mariana', '1960/4/11', 'AB-', 'Natal', 'Vivo'),
('848.901.961-5', 'Valentina', '1970/7/3', 'B+', 'Andradas', 'Vivo'),
('455.857.995-3', 'Rebeca', '2014/1/6', 'O-', 'Brotas', 'Vivo'),
('165.477.554-3', 'Lorenzo', '1956/7/15', 'B-', 'Osasco', 'Vivo'),
('932.258.463-6', 'Agatha', '1983/10/17', 'B-', 'Itabuna', 'Vivo'),
('159.318.643-1', 'Eloá', '1992/1/24', 'B+', 'São Luis', 'Vivo'),
('275.550.840-3', 'Yasmin', '2006/8/3', 'AB+', 'Gramado', 'Vivo'),
('614.836.235-3', 'Yasmin', '1968/11/15', 'O-', 'Natal', 'Vivo'),
('658.871.198-4', 'Benício', '2012/5/20', 'A-', 'Campinas', 'Vivo'),
('813.948.641-6', 'Yuri', '1985/2/3', 'AB+', 'São Carlos', 'Vivo'),
('575.207.429-4', 'Arthur', '1985/7/31', 'AB+', 'Goiânia', 'Vivo'),
('684.476.625-2', 'Enzo', '1956/12/30', 'A+', 'Natal', 'Vivo'),
('640.139.111-7', 'Bella', '2018/8/3', 'A+', 'São Paulo', 'Vivo'),
('581.315.363-3', 'Heitor', '1984/10/26', 'B+', 'Goiânia', 'Vivo'),
('575.689.579-9', 'Maya', '2017/10/23', 'O-', 'Natal', 'Vivo'),
('449.247.718-3', 'Bella', '2017/11/3', 'O+', 'Indaiatuba', 'Vivo'),
('792.164.902-1', 'Thomas', '2014/5/10', 'B-', 'Montes Claros', 'Vivo'),
('388.167.842-8', 'Maria', '1999/2/8', 'B-', 'Osasco', 'Vivo'),
('973.899.904-2', 'Benício', '1988/11/22', 'AB-', 'Fortaleza', 'Vivo'),
('718.602.886-9', 'Maya', '2018/10/8', 'AB+', 'Brasília', 'Vivo'),
('514.314.221-6', 'Alice', '1952/1/28', 'O-', 'São Carlos', 'Vivo'),
('149.208.843-4', 'Enrico', '2014/12/27', 'B-', 'Campinas', 'Vivo'),
('666.449.214-0', 'Théo', '1958/3/25', 'A-', 'Manaus', 'Vivo'),
('460.586.327-3', 'Thiago', '1965/8/13', 'B+', 'Andradas', 'Vivo'),
('593.128.694-4', 'Francisco', '1993/2/15', 'O+', 'Salvador', 'Vivo'),
('436.986.416-7', 'Anthony', '1992/11/30', 'A+', 'Osasco', 'Falecido'),
('238.443.821-1', 'Ravi', '2022/6/22', 'O-', 'São Paulo', 'Vivo'),
('711.385.754-0', 'Caio', '1981/1/18', 'O+', 'Indaiatuba', 'Falecido'),
('741.945.340-8', 'Yasmin', '2011/7/9', 'A+', 'São Carlos', 'Vivo'),
('430.831.739-4', 'Oliver', '1997/9/4', 'B-', 'Curitiba', 'Vivo'),
('892.221.524-0', 'Heloísa', '1955/12/5', 'A-', 'Hortolândia', 'Vivo'),
('761.491.821-4', 'Allana', '1956/6/16', 'B-', 'São Luis', 'Vivo'),
('633.688.393-7', 'Rafael', '1992/4/1', 'A-', 'São Carlos', 'Vivo'),
('264.688.167-0', 'Heloísa', '1997/10/9', 'A+', 'Itabuna', 'Vivo'),
('355.603.216-5', 'Arthur Gabriel', '2021/11/13', 'O-', 'Osasco', 'Falecido'),
('702.974.408-3', 'Caio', '1962/12/30', 'AB-', 'Belo Horizonte', 'Vivo'),
('846.276.126-8', 'Felipe', '2003/3/19', 'B-', 'Natal', 'Vivo'),
('778.915.656-8', 'Maria, Eduarda', '2018/11/14', 'A-', 'Fortaleza', 'Vivo'),
('555.866.722-0', 'Heitor', '2003/7/4', 'AB-', 'Natal', 'Vivo'),
('361.877.632-2', 'Vitória', '1956/2/20', 'AB+', 'São Luis', 'Vivo'),
('644.110.216-7', 'Arthur', '1959/7/17', 'O+', 'Belo Horizonte', 'Vivo'),
('636.402.197-4', 'Maria Vitória', '2000/10/12', 'O-', 'Osasco', 'Vivo'),
('858.969.835-6', 'Antonella', '1972/11/21', 'A+', 'Manaus', 'Vivo'),
('327.271.815-3', 'Ana Liz', '1979/2/8', 'A+', 'São Paulo', 'Vivo'),
('843.709.853-2', 'Maria Cecília', '1989/10/3', 'B+', 'Manaus', 'Vivo'),
('495.172.635-6', 'Rael', '1957/9/15', 'O-', 'Andradas', 'Vivo'),
('972.555.816-2', 'Lavínia', '1998/1/20', 'B+', 'Brotas', 'Vivo'),
('134.578.472-0', 'Maria Cecília', '2022/3/28', 'A-', 'Brotas', 'Vivo'),
('844.246.277-7', 'Joaquim', '1950/4/21', 'A+', 'Charqueada', 'Vivo'),
('871.321.243-6', 'Rafaela', '2008/8/17', 'O+', 'Belo Horizonte', 'Vivo'),
('867.497.375-1', 'Maitê', '1974/12/7', 'B+', 'Belo Horizonte', 'Vivo'),
('368.899.172-6', 'Luna', '1957/3/2', 'AB-', 'Fortaleza', 'Vivo'),
('600.760.779-5', 'Ana Luísa', '2011/8/26', 'A+', 'Indaiatuba', 'Vivo'),
('886.643.219-8', 'Rafael', '1994/5/17', 'A-', 'Gramado', 'Vivo'),
('173.144.922-3', 'Maria, Eduarda', '1965/12/17', 'O-', 'São Carlos', 'Vivo'),
('138.465.338-3', 'Giovanna', '1952/1/16', 'AB+', 'Itabuna', 'Vivo'),
('841.241.605-7', 'Yan', '2013/10/22', 'B+', 'Hortolândia', 'Vivo'),
('920.938.635-1', 'Thiago', '1972/6/29', 'AB+', 'Rio de Janeiro', 'Vivo'),
('233.445.814-3', 'Isaac', '2015/3/1', 'A+', 'Salto', 'Vivo'),
('216.538.514-1', 'Mirella', '2021/8/29', 'O-', 'Indaiatuba', 'Vivo'),
('493.400.439-8', 'Valentim', '1988/5/19', 'A+', 'Hortolândia', 'Falecido'),
('820.496.300-5', 'Alícia', '1967/10/17', 'O-', 'Belo Horizonte', 'Falecido'),
('521.757.364-7', 'Ana Clara', '1996/8/17', 'A+', 'Charqueada', 'Vivo'),
('700.292.734-7', 'Mirella', '1996/8/11', 'O+', 'Brotas', 'Vivo'),
('540.577.220-0', 'Benício', '1963/6/16', 'B+', 'Brotas', 'Vivo'),
('116.249.883-2', 'Gustavo', '2002/3/10', 'A+', 'Charqueada', 'Vivo'),
('679.382.139-6', 'Beatriz', '1974/3/6', 'A-', 'São Paulo', 'Vivo'),
('846.519.852-6', 'Theodoro', '1980/12/22', 'A+', 'São Carlos', 'Falecido'),
('992.302.729-5', 'Nathan', '1961/9/8', 'AB-', 'Curitiba', 'Vivo'),
('596.866.164-5', 'Isadora', '1969/10/3', 'A-', 'Charqueada', 'Vivo'),
('156.887.464-2', 'Maria Vitória', '1993/7/27', 'B-', 'Charqueada', 'Vivo'),
('464.314.551-4', 'Rafaela', '1966/11/9', 'A-', 'Fortaleza', 'Vivo'),
('824.421.531-1', 'Vitor', '2019/5/23', 'O+', 'Belo Horizonte', 'Vivo'),
('107.819.575-7', 'Maya', '1952/4/19', 'AB+', 'Brotas', 'Vivo'),
('100.764.341-3', 'Allana', '1998/1/18', 'O-', 'Campinas', 'Vivo'),
('276.368.183-9', 'Isabelly', '1975/6/15', 'A+', 'Charqueada', 'Falecido'),
('506.349.803-4', 'Ayla', '2013/6/16', 'A+', 'Gramado', 'Vivo'),
('254.945.410-6', 'Felipe', '1964/12/27', 'O-', 'Manaus', 'Falecido'),
('773.142.315-1', 'Isaac', '1999/6/28', 'O-', 'Natal', 'Vivo'),
('981.648.913-2', 'Ana Júlia', '1974/9/14', 'O-', 'Gramado', 'Vivo'),
('914.660.209-8', 'Ana Liz', '1957/4/11', 'O+', 'Brotas', 'Vivo'),
('232.877.744-3', 'Derick', '1987/11/5', 'AB-', 'São Carlos', 'Vivo'),
('622.551.159-1', 'Agatha', '2021/2/2', 'O+', 'Goiânia', 'Vivo'),
('190.601.579-7', 'Isis', '1953/5/22', 'AB-', 'Campinas', 'Vivo'),
('197.760.530-6', 'Liz', '1952/11/27', 'AB+', 'Salvador', 'Vivo'),
('120.931.643-9', 'Isis', '2006/12/15', 'O+', 'Natal', 'Vivo'),
('169.731.687-6', 'Vitória', '2001/11/12', 'A+', 'Curitiba', 'Vivo'),
('193.299.771-0', 'Alice', '2001/10/18', 'A-', 'Hortolândia', 'Vivo'),
('688.917.146-6', 'Apollo', '1997/6/27', 'B+', 'Osasco', 'Vivo'),
('768.481.590-3', 'Ana', '1980/7/30', 'A+', 'Salto', 'Falecido'),
('993.887.912-6', 'Elisa', '2013/9/2', 'O-', 'Natal', 'Vivo'),
('645.375.694-0', 'Maria', '1976/6/15', 'B-', 'Itabuna', 'Vivo'),
('256.963.346-5', 'José', '2010/2/8', 'B+', 'São Luis', 'Vivo'),
('565.159.936-8', 'Olívia', '1994/9/27', 'O-', 'Itabuna', 'Vivo'),
('445.484.230-0', 'Maria, Eduarda', '1969/12/16', 'O-', 'São Paulo', 'Vivo'),
('295.851.896-4', 'João Guilherme', '1952/12/17', 'AB+', 'Brotas', 'Vivo'),
('798.553.498-0', 'Luísa', '1996/1/10', 'B+', 'São Carlos', 'Vivo'),
('717.449.519-5', 'Heitor', '1985/7/18', 'AB+', 'Itabuna', 'Falecido'),
('807.620.463-8', 'Rebeca', '1964/4/10', 'B-', 'São Luis', 'Vivo'),
('770.146.302-1', 'Enrico', '2010/7/13', 'O-', 'Itabuna', 'Vivo'),
('314.159.971-4', 'Beatriz', '1962/8/18', 'A+', 'Gramado', 'Vivo'),
('356.884.712-1', 'Rafaela', '1953/2/17', 'A-', 'Campinas', 'Falecido'),
('114.600.500-2', 'Anthony', '1992/12/22', 'B-', 'Osasco', 'Vivo'),
('316.723.175-4', 'Gabriela', '1992/10/18', 'A-', 'Montes Claros', 'Vivo'),
('220.474.706-8', 'Milena', '1971/6/22', 'B+', 'São Carlos', 'Vivo'),
('550.395.114-5', 'Lavínia', '1992/4/2', 'A-', 'Rio de Janeiro', 'Vivo'),
('599.367.618-0', 'Ana Liz', '2021/3/9', 'B+', 'Osasco', 'Vivo'),
('795.145.892-4', 'Bella', '2015/5/14', 'A-', 'São Luis', 'Vivo'),
('793.119.504-7', 'Henry', '1981/9/9', 'B+', 'Belo Horizonte', 'Vivo'),
('488.498.611-5', 'Davi Lucca', '1992/4/25', 'A-', 'Itabuna', 'Vivo'),
('273.554.470-7', 'Luiz Miguel', '1951/10/19', 'A-', 'Manaus', 'Vivo'),
('281.655.471-7', 'Vinícius', '2001/6/11', 'O+', 'São Paulo', 'Vivo'),
('788.510.571-0', 'Ana Clara', '1978/4/27', 'AB+', 'Campinas', 'Vivo'),
('711.250.541-1', 'Vitor', '2016/10/9', 'B-', 'Brotas', 'Falecido'),
('151.479.408-7', 'Derick', '1958/10/8', 'AB-', 'Rio de Janeiro', 'Falecido'),
('522.582.440-7', 'Vitor', '2000/12/3', 'A-', 'São Luis', 'Vivo'),
('294.299.461-5', 'Benício', '1951/9/23', 'O+', 'Goiânia', 'Vivo'),
('408.718.592-3', 'Francisco', '2012/7/30', 'A+', 'Fortaleza', 'Falecido'),
('121.372.191-0', 'Ana', '1980/12/27', 'AB-', 'Charqueada', 'Vivo'),
('359.167.327-6', 'Bryan', '2015/9/21', 'B+', 'Curitiba', 'Vivo'),
('355.558.242-1', 'Thomas', '1953/6/25', 'A-', 'Goiânia', 'Vivo'),
('423.656.228-4', 'Noah', '1981/12/15', 'A-', 'Salto', 'Vivo'),
('492.799.807-8', 'Cauã', '1963/5/24', 'B+', 'Fortaleza', 'Falecido'),
('583.336.323-8', 'Matheus', '1989/2/21', 'B+', 'Rio de Janeiro', 'Vivo'),
('175.541.402-3', 'Augusto', '2003/4/28', 'A+', 'Rio de Janeiro', 'Vivo'),
('802.810.862-5', 'Breno', '1984/10/13', 'A+', 'Brasília', 'Vivo'),
('596.292.395-9', 'Davi', '1955/9/14', 'AB-', 'Belo Horizonte', 'Vivo'),
('254.996.496-5', 'Yasmin', '1950/3/22', 'AB+', 'Curitiba', 'Vivo'),
('394.670.284-9', 'Ryan', '1999/8/24', 'B+', 'Campinas', 'Vivo'),
('111.510.137-3', 'Miguel', '1989/10/1', 'A-', 'Goiânia', 'Falecido'),
('197.563.872-8', 'Maria, Eduarda', '1988/12/25', 'O+', 'São Carlos', 'Vivo'),
('860.771.712-1', 'Beatriz', '1964/5/20', 'B+', 'Itabuna', 'Vivo'),
('405.472.246-7', 'Samuel', '2020/12/11', 'A+', 'São Paulo', 'Vivo'),
('439.395.706-7', 'Caio', '2022/4/26', 'A-', 'São Paulo', 'Falecido'),
('489.602.635-0', 'Ana Laura', '1996/10/31', 'AB-', 'Juiz de Fora', 'Vivo'),
('167.922.996-5', 'Mirella', '1982/11/12', 'B+', 'Rio de Janeiro', 'Vivo'),
('693.344.697-1', 'Vitor', '1999/9/23', 'A-', 'Hortolândia', 'Vivo'),
('870.904.556-9', 'Arthur Gabriel', '2022/1/21', 'O+', 'Goiânia', 'Falecido'),
('711.931.212-0', 'Matheus', '1951/3/26', 'A+', 'Campinas', 'Vivo'),
('948.197.913-0', 'Liz', '1970/10/5', 'A+', 'Salvador', 'Vivo'),
('964.637.882-7', 'Ana', '1959/2/11', 'B+', 'Salto', 'Vivo'),
('706.351.390-5', 'Emanuelly', '1999/3/4', 'AB+', 'São Carlos', 'Vivo'),
('393.856.610-9', 'Maria Júlia', '1959/9/7', 'B-', 'Itabuna', 'Vivo'),
('544.291.578-8', 'Theodoro', '1997/10/23', 'O-', 'São Carlos', 'Vivo'),
('483.385.399-8', 'Pedro', '1979/8/20', 'O-', 'Manaus', 'Vivo'),
('975.226.361-9', 'Théo', '1972/1/25', 'A+', 'Goiânia', 'Vivo'),
('925.659.394-1', 'Apollo', '1950/4/19', 'B+', 'Osasco', 'Vivo'),
('555.350.375-8', 'Mirella', '1952/1/21', 'O-', 'Natal', 'Vivo'),
('211.277.847-5', 'Rebeca', '1962/12/18', 'A-', 'Rio de Janeiro', 'Vivo'),
('990.118.100-7', 'Elisa', '2018/7/6', 'A+', 'Fortaleza', 'Vivo'),
('826.225.376-9', 'Caio', '1985/3/14', 'AB+', 'Gramado', 'Vivo'),
('561.496.211-5', 'Yan', '1971/6/29', 'A-', 'Curitiba', 'Vivo'),
('863.530.135-5', 'Melissa', '2016/6/10', 'B+', 'Natal', 'Falecido'),
('629.996.236-8', 'Laura', '1966/5/16', 'A-', 'Salto', 'Vivo'),
('904.625.763-6', 'Vinícius', '1968/2/1', 'B-', 'Juiz de Fora', 'Falecido'),
('926.657.766-0', 'Ana Liz', '2010/7/1', 'O-', 'São Carlos', 'Vivo'),
('965.762.688-0', 'Ryan', '1968/9/2', 'AB+', 'Osasco', 'Vivo'),
('359.127.644-1', 'Valentim', '1968/9/5', 'O-', 'Itabuna', 'Vivo'),
('148.659.126-6', 'Maria Alice', '1959/8/5', 'A-', 'Osasco', 'Falecido'),
('434.423.353-6', 'Enrico', '1972/10/6', 'AB+', 'Brotas', 'Falecido'),
('470.563.702-0', 'Rafael', '1968/7/2', 'AB-', 'Andradas', 'Vivo'),
('847.631.338-8', 'Vitor', '1981/10/21', 'A-', 'Montes Claros', 'Vivo'),
('979.122.634-3', 'Ana Júlia', '2009/12/24', 'AB+', 'Goiânia', 'Vivo'),
('905.489.659-0', 'Mariana', '2004/6/18', 'O+', 'Montes Claros', 'Vivo'),
('493.397.558-9', 'Luísa', '1974/9/13', 'A-', 'Hortolândia', 'Vivo'),
('259.703.699-5', 'Thomas', '1966/4/21', 'B+', 'Salvador', 'Vivo'),
('109.127.645-9', 'Liz', '2018/12/3', 'B+', 'Andradas', 'Vivo'),
('171.468.428-6', 'Lívia', '1994/8/1', 'B-', 'São Paulo', 'Vivo'),
('282.584.454-7', 'Olívia', '1959/3/7', 'B-', 'Rio de Janeiro', 'Vivo'),
('135.380.288-6', 'Benjamin', '1985/6/10', 'O+', 'Natal', 'Vivo'),
('962.737.964-2', 'Vitória', '1987/10/25', 'B+', 'Osasco', 'Vivo'),
('862.147.573-0', 'Maria Alice', '2014/9/25', 'A-', 'Rio de Janeiro', 'Vivo'),
('437.298.975-6', 'Bryan', '2015/1/10', 'AB-', 'Salvador', 'Falecido'),
('254.440.690-8', 'Augusto', '1998/8/9', 'O-', 'Gramado', 'Vivo'),
('274.497.462-9', 'Isadora', '1980/1/13', 'B+', 'Natal', 'Falecido'),
('639.765.644-2', 'Valentina', '1951/9/18', 'O-', 'Indaiatuba', 'Vivo'),
('354.979.402-1', 'Bernardo', '1978/3/7', 'O-', 'Charqueada', 'Falecido'),
('542.226.880-5', 'Ana Clara', '2014/2/17', 'AB-', 'Hortolândia', 'Vivo'),
('858.590.389-6', 'Benjamin', '1966/7/2', 'B-', 'Belo Horizonte', 'Vivo'),
('721.517.421-7', 'Gabriel', '1996/3/21', 'B+', 'Belo Horizonte', 'Vivo'),
('157.594.903-7', 'João', '1973/11/6', 'A+', 'Belo Horizonte', 'Vivo'),
('468.831.558-5', 'Yan', '1977/1/27', 'AB+', 'Manaus', 'Vivo'),
('473.633.143-0', 'Thomas', '1987/6/23', 'B+', 'Goiânia', 'Falecido'),
('115.567.367-9', 'MiguelLucca', '1951/3/22', 'O+', 'Natal', 'Vivo'),
('343.120.904-2', 'Nathan', '1970/4/9', 'A+', 'São Carlos', 'Vivo'),
('116.699.759-3', 'Eduardo', '2000/5/11', 'B-', 'Osasco', 'Vivo'),
('988.531.522-7', 'Henry', '1961/5/27', 'AB-', 'Osasco', 'Vivo'),
('521.897.661-2', 'Giovanna', '2010/9/30', 'AB+', 'Brotas', 'Vivo'),
('579.274.783-1', 'Esther', '1969/3/27', 'AB+', 'Salto', 'Vivo'),
('442.370.803-5', 'Antonella', '1975/10/22', 'A+', 'Natal', 'Vivo'),
('736.234.689-6', 'Theodoro', '1979/8/7', 'B+', 'Montes Claros', 'Vivo'),
('404.149.709-6', 'Marina', '1973/2/10', 'AB+', 'Curitiba', 'Falecido'),
('402.768.980-9', 'Ana Laura', '1982/11/18', 'O-', 'Natal', 'Vivo'),
('313.619.348-5', 'Miguel', '1982/10/1', 'B+', 'Montes Claros', 'Vivo'),
('497.233.314-1', 'Vitor', '1972/11/25', 'A-', 'Hortolândia', 'Vivo'),
('628.689.721-8', 'Vinícius', '1999/3/7', 'O+', 'Salvador', 'Vivo'),
('805.849.865-9', 'Eloá', '1981/2/6', 'A+', 'São Paulo', 'Vivo'),
('864.753.922-0', 'Arthur Gabriel', '1991/2/10', 'AB+', 'São Paulo', 'Vivo'),
('732.356.999-2', 'Aurora', '1952/10/30', 'O-', 'Goiânia', 'Vivo'),
('419.174.628-6', 'Bryan', '1951/6/7', 'A+', 'Salvador', 'Vivo'),
('524.717.162-3', 'Isaac', '1950/12/12', 'AB+', 'Salvador', 'Vivo'),
('397.666.490-2', 'Emanuelly', '1956/11/30', 'B-', 'Itabuna', 'Vivo'),
('129.167.380-7', 'Valentim', '2007/1/6', 'O+', 'Andradas', 'Vivo'),
('772.907.187-9', 'Theodoro', '1973/10/28', 'B+', 'Brotas', 'Vivo'),
('516.598.836-9', 'Otávio', '2022/8/30', 'AB+', 'Fortaleza', 'Vivo'),
('557.865.547-3', 'Anthony', '1986/3/26', 'B+', 'Hortolândia', 'Vivo'),
('611.634.440-2', 'Samuel', '1968/1/12', 'AB-', 'Itabuna', 'Vivo'),
('480.586.512-2', 'Emilly', '1992/3/16', 'B+', 'Fortaleza', 'Vivo'),
('846.923.323-8', 'Davi', '1983/9/26', 'A-', 'Salto', 'Vivo'),
('721.422.140-3', 'Júlia', '2012/8/4', 'B-', 'Brotas', 'Vivo'),
('723.828.197-2', 'Théo', '2018/3/16', 'A+', 'Salvador', 'Falecido'),
('830.525.598-3', 'Maitê', '1994/2/20', 'AB+', 'Itabuna', 'Vivo'),
('469.114.240-7', 'Olívia', '1969/4/17', 'O+', 'Belo Horizonte', 'Falecido'),
('961.903.236-8', 'Vitor', '2013/11/29', 'O-', 'São Carlos', 'Vivo'),
('590.251.829-2', 'Rafael', '1981/7/18', 'B+', 'Fortaleza', 'Vivo'),
('897.743.267-1', 'Henrique', '1964/6/30', 'A+', 'Brasília', 'Vivo'),
('585.956.554-7', 'Breno', '1958/7/23', 'B+', 'Itabuna', 'Vivo'),
('237.205.280-3', 'Bryan', '1985/3/26', 'B-', 'Curitiba', 'Falecido'),
('661.307.298-1', 'João Gabriel', '1984/10/8', 'B+', 'Indaiatuba', 'Vivo'),
('162.313.876-4', 'Agatha', '1959/8/16', 'B-', 'Brotas', 'Vivo'),
('798.930.387-0', 'Eloá', '2019/8/5', 'A-', 'Brotas', 'Vivo'),
('229.751.125-2', 'Yuri', '2016/4/3', 'A+', 'São Luis', 'Vivo'),
('374.621.558-3', 'Isadora', '1997/5/7', 'B+', 'São Paulo', 'Vivo'),
('933.605.371-2', 'João Guilherme', '1983/6/15', 'O+', 'São Carlos', 'Vivo'),
('989.482.454-3', 'Luan', '2008/10/21', 'B+', 'Andradas', 'Vivo'),
('772.310.604-6', 'João Vitor', '1998/11/9', 'AB+', 'Brasília', 'Vivo'),
('725.817.552-6', 'Milena', '1989/9/2', 'AB-', 'Hortolândia', 'Vivo'),
('175.692.388-2', 'Théo', '2001/2/17', 'B+', 'Brasília', 'Vivo'),
('808.722.868-8', 'Bernardo', '1998/11/2', 'A+', 'Salvador', 'Falecido'),
('783.542.718-9', 'Miguel', '1960/6/19', 'B-', 'Salto', 'Vivo'),
('284.373.173-1', 'Isis', '2013/2/17', 'B+', 'Natal', 'Falecido'),
('374.517.569-8', 'Antonella', '1962/5/18', 'O-', 'Hortolândia', 'Vivo'),
('764.246.987-3', 'Nathan', '1968/11/12', 'B+', 'Indaiatuba', 'Vivo'),
('868.944.372-3', 'Enzo', '1950/2/12', 'A-', 'Charqueada', 'Vivo'),
('381.459.991-4', 'Maria, Eduarda', '2005/2/19', 'O-', 'Curitiba', 'Vivo'),
('660.715.164-7', 'Bella', '1995/2/13', 'AB+', 'Hortolândia', 'Vivo'),
('739.286.507-4', 'Anthony', '2022/7/4', 'AB-', 'Goiânia', 'Vivo'),
('860.677.276-4', 'Alice', '2003/7/27', 'AB-', 'Hortolândia', 'Vivo'),
('546.798.562-4', 'Luísa', '1958/7/14', 'AB-', 'Campinas', 'Vivo'),
('939.748.765-2', 'Catarina', '2001/9/23', 'AB-', 'São Paulo', 'Vivo'),
('794.761.817-4', 'Felipe', '1991/10/8', 'AB-', 'Brotas', 'Vivo'),
('240.460.702-6', 'Heloísa', '1963/1/21', 'A-', 'Brasília', 'Vivo'),
('846.850.288-2', 'Luísa', '2002/6/12', 'O+', 'Curitiba', 'Vivo'),
('227.675.273-7', 'Mariana', '1983/1/30', 'A-', 'Indaiatuba', 'Vivo'),
('623.839.590-9', 'Thomas', '1957/5/29', 'AB+', 'Manaus', 'Vivo'),
('702.117.611-7', 'Maria, Eduarda', '1963/11/23', 'AB+', 'Brotas', 'Vivo'),
('439.135.927-2', 'Yuri', '1974/11/17', 'AB-', 'Fortaleza', 'Vivo'),
('614.198.805-4', 'Yasmin', '1965/12/25', 'B+', 'Salto', 'Vivo'),
('826.908.982-3', 'Benício', '1971/8/4', 'A-', 'Rio de Janeiro', 'Vivo'),
('544.959.345-3', 'Augusto', '2008/9/22', 'A-', 'Brasília', 'Vivo'),
('119.767.819-4', 'Rebeca', '2011/11/8', 'O+', 'São Luis', 'Falecido'),
('427.567.347-1', 'Théo', '2013/4/11', 'AB-', 'São Carlos', 'Vivo'),
('545.928.125-5', 'Bella', '1950/10/19', 'O+', 'Salto', 'Vivo'),
('280.903.163-4', 'Allana', '2019/12/9', 'A+', 'Juiz de Fora', 'Vivo'),
('112.616.954-7', 'Ayla', '1968/12/25', 'A+', 'Salvador', 'Vivo'),
('136.467.747-3', 'Isadora', '2016/5/18', 'AB+', 'Rio de Janeiro', 'Vivo'),
('577.449.106-3', 'Gustavo', '1967/7/6', 'A-', 'Rio de Janeiro', 'Vivo'),
('620.364.386-0', 'João Gabriel', '1966/2/14', 'A+', 'Natal', 'Vivo'),
('189.432.907-6', 'Gustavo', '1957/7/1', 'AB-', 'Manaus', 'Vivo'),
('923.191.108-4', 'Isaac', '1957/1/14', 'A+', 'Itabuna', 'Vivo'),
('428.296.823-9', 'Ana Júlia', '1995/8/15', 'O-', 'Indaiatuba', 'Vivo'),
('412.466.120-6', 'Aurora', '1999/9/2', 'AB+', 'Salvador', 'Vivo'),
('543.726.142-4', 'Gustavo', '1969/4/19', 'B+', 'Itabuna', 'Vivo'),
('396.386.408-9', 'Isadora', '2018/5/7', 'A-', 'Juiz de Fora', 'Falecido'),
('959.685.532-2', 'José', '1975/6/21', 'B+', 'Manaus', 'Vivo'),
('669.285.516-4', 'Arthur', '1976/1/25', 'B+', 'Natal', 'Vivo'),
('561.108.267-0', 'Enrico', '1977/11/7', 'AB-', 'Indaiatuba', 'Vivo'),
('532.569.473-8', 'Bella', '2008/9/22', 'A-', 'Montes Claros', 'Vivo'),
('240.483.786-6', 'Thiago', '1996/12/27', 'AB-', 'Charqueada', 'Vivo'),
('669.990.169-5', 'Lívia', '2010/8/13', 'B+', 'Salvador', 'Falecido'),
('690.391.857-1', 'Liz', '2010/12/15', 'AB-', 'Goiânia', 'Vivo'),
('429.965.227-3', 'Olívia', '1999/9/12', 'A-', 'Brotas', 'Vivo'),
('800.893.338-4', 'Ayla', '1982/6/2', 'B-', 'Rio de Janeiro', 'Vivo'),
('154.934.583-5', 'João Lucas', '2021/3/21', 'A+', 'Rio de Janeiro', 'Vivo'),
('767.149.669-0', 'Maria Vitória', '2022/3/9', 'A+', 'Charqueada', 'Vivo'),
('441.239.572-1', 'Aurora', '1972/10/26', 'AB+', 'Itabuna', 'Falecido'),
('717.106.579-9', 'Enzo', '1990/10/19', 'O+', 'Montes Claros', 'Vivo'),
('260.843.715-1', 'Sophia', '2002/10/17', 'O+', 'São Carlos', 'Vivo'),
('616.395.299-4', 'Arthur', '2019/3/21', 'AB-', 'São Carlos', 'Vivo'),
('777.536.645-1', 'João Guilherme', '1981/1/18', 'A+', 'Salvador', 'Vivo'),
('822.319.386-0', 'Heloísa', '1996/2/17', 'A+', 'Goiânia', 'Vivo'),
('859.859.908-7', 'Helena', '2012/8/5', 'B-', 'Curitiba', 'Vivo'),
('740.621.532-6', 'Eduardo', '1951/8/10', 'AB+', 'Campinas', 'Vivo'),
('201.623.848-4', 'Breno', '1985/4/14', 'A-', 'Itabuna', 'Vivo'),
('893.581.235-1', 'Nicole', '2004/4/8', 'A+', 'Curitiba', 'Vivo'),
('533.173.386-5', 'Lívia', '1953/4/18', 'A+', 'Juiz de Fora', 'Vivo'),
('579.374.221-0', 'Eloá', '1970/7/25', 'A+', 'Fortaleza', 'Vivo'),
('236.754.203-6', 'Murilo', '1997/5/20', 'A-', 'Indaiatuba', 'Vivo'),
('660.213.657-9', 'Miguel', '1958/2/18', 'AB-', 'Juiz de Fora', 'Vivo'),
('828.250.723-5', 'Olívia', '1959/8/21', 'AB-', 'Juiz de Fora', 'Vivo'),
('228.389.892-3', 'Yuri', '1960/12/26', 'B+', 'Brasília', 'Vivo'),
('375.914.184-0', 'Emilly', '1988/6/25', 'O-', 'Montes Claros', 'Vivo'),
('449.297.529-8', 'Maria', '1996/4/12', 'A+', 'São Luis', 'Vivo'),
('579.276.138-9', 'Luna', '1999/5/15', 'A-', 'Salto', 'Vivo'),
('255.854.884-6', 'Benjamin', '1983/1/4', 'B+', 'Rio de Janeiro', 'Vivo'),
('439.623.321-9', 'Liz', '1955/5/7', 'A-', 'São Carlos', 'Vivo'),
('633.809.375-7', 'Thiago', '1986/2/27', 'B-', 'Gramado', 'Vivo'),
('538.526.194-0', 'Laura', '1963/9/22', 'B-', 'Gramado', 'Vivo'),
('510.737.186-5', 'Ravi', '2006/1/19', 'O+', 'Hortolândia', 'Vivo'),
('318.414.530-9', 'Valentim', '1986/1/14', 'B-', 'Rio de Janeiro', 'Vivo'),
('381.907.159-9', 'Rael', '1976/7/9', 'B-', 'Campinas', 'Vivo'),
('706.404.210-1', 'Pedro', '1990/9/24', 'AB+', 'Brasília', 'Vivo'),
('774.564.527-6', 'Derick', '1984/4/23', 'A+', 'Salto', 'Falecido'),
('186.437.945-4', 'Gustavo', '1998/7/21', 'B+', 'Brasília', 'Vivo'),
('964.900.631-4', 'Davi Lucca', '1985/12/3', 'O+', 'Osasco', 'Vivo'),
('274.669.730-4', 'Enrico', '1951/1/17', 'B+', 'Brasília', 'Vivo'),
('329.120.946-2', 'Derick', '2002/2/27', 'B-', 'Andradas', 'Vivo'),
('162.429.721-7', 'Emilly', '1988/2/27', 'AB+', 'São Luis', 'Vivo'),
('696.758.345-7', 'Milena', '2013/5/11', 'B-', 'Itabuna', 'Vivo'),
('129.663.147-3', 'Enzo', '1966/8/25', 'AB-', 'Manaus', 'Vivo'),
('515.768.773-3', 'Liz', '1988/3/21', 'B-', 'Goiânia', 'Vivo'),
('649.337.159-9', 'Eloá', '2007/5/3', 'O+', 'Itabuna', 'Vivo'),
('760.394.652-9', 'Henrique', '1956/2/24', 'A+', 'Gramado', 'Vivo'),
('960.449.760-1', 'Isabella', '1976/1/30', 'AB-', 'Andradas', 'Vivo'),
('539.574.553-1', 'Maria Clara', '1994/7/17', 'A+', 'Hortolândia', 'Vivo'),
('192.513.571-3', 'Isadora', '1994/2/9', 'AB+', 'Osasco', 'Vivo'),
('370.104.744-8', 'Cecília', '2007/3/1', 'B+', 'Rio de Janeiro', 'Vivo'),
('485.861.280-1', 'Maitê', '1989/10/24', 'A+', 'São Luis', 'Vivo'),
('483.352.848-9', 'Enrico', '1998/12/25', 'B-', 'Charqueada', 'Vivo'),
('369.822.756-2', 'Joaquim', '2016/12/10', 'B+', 'Manaus', 'Vivo'),
('742.186.315-7', 'Heitor', '1970/5/13', 'A+', 'Fortaleza', 'Vivo'),
('950.779.911-5', 'Manuela', '1968/2/26', 'A-', 'São Paulo', 'Vivo'),
('276.625.801-2', 'Olívia', '2017/4/30', 'B-', 'São Carlos', 'Vivo'),
('367.967.601-7', 'Augusto', '2010/9/26', 'B-', 'Brotas', 'Vivo'),
('837.679.854-7', 'Maria Clara', '1989/6/11', 'B-', 'São Paulo', 'Vivo'),
('722.603.138-1', 'Davi Lucas', '1951/4/29', 'A-', 'São Paulo', 'Falecido'),
('624.866.512-6', 'Maria Luísa', '2002/5/3', 'A+', 'Natal', 'Vivo'),
('985.557.464-7', 'Erick', '1977/1/27', 'B+', 'Salto', 'Vivo'),
('858.951.558-4', 'Lorenzo', '1957/11/4', 'AB-', 'Salto', 'Vivo'),
('942.543.390-4', 'Davi Lucas', '2001/6/27', 'B+', 'Belo Horizonte', 'Vivo'),
('403.340.342-1', 'Erick', '2012/3/24', 'B-', 'Brotas', 'Vivo'),
('832.882.879-3', 'Maria Júlia', '2022/3/16', 'A-', 'Manaus', 'Vivo'),
('383.887.153-0', 'Apollo', '1987/10/3', 'A-', 'Charqueada', 'Vivo'),
('768.918.478-2', 'Nathan', '2009/7/7', 'O-', 'Fortaleza', 'Vivo'),
('177.668.947-6', 'Marina', '2019/9/29', 'AB-', 'São Carlos', 'Vivo'),
('619.739.698-7', 'Oliver', '1964/8/22', 'A-', 'Montes Claros', 'Vivo'),
('639.706.407-2', 'Francisco', '1987/9/15', 'B+', 'Manaus', 'Vivo'),
('258.856.803-4', 'Nicole', '2005/8/10', 'B+', 'Manaus', 'Vivo'),
('919.357.346-8', 'Lucas', '2013/4/11', 'A-', 'Hortolândia', 'Vivo'),
('445.950.328-3', 'Nicole', '2003/2/4', 'O-', 'Campinas', 'Vivo'),
('716.163.945-1', 'Giovanna', '2011/12/12', 'AB-', 'Goiânia', 'Vivo'),
('998.748.860-4', 'Mathias', '1954/6/2', 'B-', 'Brotas', 'Vivo'),
('197.251.145-3', 'Augusto', '1960/4/5', 'A+', 'Charqueada', 'Vivo'),
('696.651.626-8', 'Rafael', '1994/9/17', 'B-', 'Curitiba', 'Vivo'),
('685.181.388-5', 'Derick', '1993/12/1', 'AB+', 'Itabuna', 'Falecido'),
('774.135.628-8', 'Anthony', '1967/5/4', 'A+', 'Itabuna', 'Vivo'),
('724.848.414-4', 'Valentim', '1954/8/10', 'O-', 'Manaus', 'Vivo'),
('917.761.871-4', 'Apollo', '1972/12/20', 'B-', 'Juiz de Fora', 'Vivo'),
('637.738.735-5', 'Noah', '2011/11/16', 'B+', 'São Paulo', 'Vivo'),
('301.983.602-3', 'Francisco', '1976/9/17', 'O+', 'Campinas', 'Vivo'),
('744.261.467-4', 'Valentina', '1952/9/5', 'A-', 'Brasília', 'Vivo'),
('949.740.807-1', 'Giovanna', '2001/11/2', 'AB-', 'São Paulo', 'Vivo'),
('504.939.634-0', 'Clara', '1991/9/30', 'O+', 'Rio de Janeiro', 'Vivo'),
('135.123.559-0', 'Luan', '1971/6/20', 'B-', 'São Carlos', 'Vivo'),
('824.312.456-2', 'João Guilherme', '2019/2/16', 'O-', 'Rio de Janeiro', 'Vivo'),
('654.113.479-7', 'Rafaela', '1981/1/23', 'A+', 'Osasco', 'Vivo'),
('439.138.859-5', 'Isabelly', '1983/1/17', 'B-', 'Gramado', 'Falecido'),
('823.283.814-3', 'Arthur Miguel', '1960/8/29', 'O-', 'Brasília', 'Vivo'),
('741.588.960-8', 'Maria, Eduarda', '1998/9/2', 'O-', 'Fortaleza', 'Vivo'),
('836.210.176-6', 'Milena', '1951/5/11', 'B-', 'Goiânia', 'Vivo'),
('635.388.910-3', 'Breno', '1971/6/9', 'O-', 'Brasília', 'Vivo'),
('980.544.998-5', 'Lara', '1964/9/17', 'B-', 'Curitiba', 'Vivo'),
('598.291.835-6', 'Eloá', '1975/6/20', 'B-', 'Salto', 'Vivo'),
('659.239.120-6', 'Isaac', '1994/6/3', 'B+', 'São Carlos', 'Vivo'),
('391.692.190-5', 'Anthony', '2017/4/10', 'B-', 'Charqueada', 'Vivo'),
('349.701.956-8', 'Maria Helena', '1998/2/22', 'B+', 'Natal', 'Falecido'),
('730.170.726-9', 'Ana', '1998/10/9', 'AB-', 'Campinas', 'Vivo'),
('781.783.821-8', 'Yuri', '2018/11/24', 'B-', 'Curitiba', 'Falecido'),
('329.936.915-0', 'Lorenzo', '2003/10/7', 'O+', 'Natal', 'Falecido'),
('984.518.743-9', 'Théo', '2001/5/16', 'O+', 'São Luis', 'Vivo'),
('870.134.686-6', 'Breno', '1960/1/14', 'O-', 'Hortolândia', 'Vivo'),
('610.107.782-0', 'Giovanna', '1998/8/12', 'A+', 'Montes Claros', 'Vivo'),
('268.880.454-9', 'Liz', '1992/3/20', 'AB-', 'Gramado', 'Vivo'),
('180.163.124-3', 'Maria', '2007/12/15', 'B+', 'Montes Claros', 'Vivo'),
('903.589.355-5', 'Júlia', '2008/5/2', 'B+', 'São Carlos', 'Vivo'),
('921.632.279-3', 'Maria Clara', '1961/5/22', 'O-', 'Charqueada', 'Vivo'),
('434.113.357-6', 'Benício', '1981/1/16', 'AB+', 'São Luis', 'Vivo'),
('924.111.755-1', 'Murilo', '1967/7/8', 'O-', 'Goiânia', 'Vivo'),
('282.806.891-9', 'Yuri', '2004/3/12', 'B-', 'São Paulo', 'Vivo'),
('413.712.443-2', 'Sophia', '1966/12/30', 'B+', 'Indaiatuba', 'Falecido'),
('146.949.477-0', 'Miguel', '1995/4/18', 'A+', 'Charqueada', 'Vivo'),
('272.318.208-7', 'Rael', '2018/3/8', 'A-', 'Salvador', 'Falecido'),
('195.211.777-9', 'Rafaela', '2013/3/4', 'B+', 'São Carlos', 'Vivo'),
('389.883.823-7', 'Rafael', '2019/5/8', 'O+', 'Manaus', 'Vivo'),
('913.279.534-9', 'Matheus', '1991/5/19', 'AB-', 'Juiz de Fora', 'Vivo'),
('276.716.603-9', 'Henry', '1991/1/29', 'AB+', 'Osasco', 'Vivo'),
('988.253.328-1', 'Mathias', '1997/1/12', 'AB+', 'Manaus', 'Vivo'),
('830.882.556-8', 'Maria Luísa', '1975/1/11', 'B+', 'Salvador', 'Vivo'),
('167.950.960-1', 'Lara', '2002/7/28', 'B+', 'Belo Horizonte', 'Vivo'),
('321.306.275-8', 'Davi', '1977/3/24', 'A+', 'Goiânia', 'Vivo'),
('472.577.429-9', 'Milena', '2002/10/25', 'AB-', 'Montes Claros', 'Vivo'),
('400.862.126-6', 'Enrico', '2009/11/14', 'B-', 'Indaiatuba', 'Vivo'),
('150.196.735-7', 'Arthur Miguel', '2000/1/28', 'A+', 'Fortaleza', 'Vivo'),
('109.409.460-1', 'Thiago', '1966/1/9', 'O-', 'Goiânia', 'Vivo'),
('547.328.921-0', 'Lara', '1994/10/8', 'B+', 'Gramado', 'Vivo'),
('483.172.667-1', 'Heitor', '1998/5/16', 'A-', 'Hortolândia', 'Vivo'),
('896.837.249-4', 'Benício', '2022/3/8', 'AB+', 'São Luis', 'Falecido'),
('886.565.446-5', 'Beatriz', '1994/1/28', 'AB-', 'São Paulo', 'Vivo'),
('502.191.118-2', 'Miguel', '1989/2/11', 'A+', 'Natal', 'Vivo'),
('162.637.896-1', 'Davi Lucca', '2019/5/14', 'A-', 'Natal', 'Falecido'),
('411.288.207-2', 'Arthur', '2021/2/25', 'AB+', 'Brasília', 'Vivo'),
('430.761.691-3', 'Valentina', '2007/3/6', 'AB+', 'Juiz de Fora', 'Falecido'),
('196.368.116-3', 'Henry', '1961/11/10', 'AB-', 'São Luis', 'Vivo'),
('843.960.420-9', 'Valentina', '1966/1/27', 'B-', 'Brotas', 'Falecido'),
('642.955.665-2', 'Davi', '1974/2/23', 'B-', 'Montes Claros', 'Vivo'),
('439.555.908-5', 'Noah', '2013/5/7', 'A+', 'Salto', 'Vivo'),
('877.966.819-3', 'Yuri', '2006/10/2', 'B-', 'Rio de Janeiro', 'Vivo'),
('713.758.620-4', 'Liz', '1997/4/12', 'A-', 'São Carlos', 'Falecido'),
('627.470.221-4', 'Enzo', '1982/2/6', 'O+', 'Brasília', 'Vivo'),
('507.791.707-9', 'Samuel', '1975/11/2', 'O-', 'Indaiatuba', 'Vivo'),
('660.451.818-3', 'Isabella', '2007/8/26', 'AB+', 'Manaus', 'Vivo'),
('846.529.763-2', 'Ayla', '1964/1/2', 'AB+', 'Juiz de Fora', 'Vivo'),
('698.673.818-7', 'Ravi', '1989/9/9', 'AB+', 'Brotas', 'Vivo'),
('303.402.330-4', 'Mariana', '2020/3/31', 'AB+', 'Goiânia', 'Falecido'),
('469.362.511-1', 'Rafaela', '2002/2/13', 'AB-', 'Indaiatuba', 'Falecido'),
('804.502.980-1', 'Manuela', '2021/5/19', 'O-', 'São Paulo', 'Vivo'),
('742.171.143-2', 'Alícia', '1994/11/3', 'AB+', 'Rio de Janeiro', 'Vivo'),
('556.142.225-6', 'Melissa', '1961/2/15', 'A+', 'Itabuna', 'Vivo'),
('657.583.474-1', 'Eloá', '2018/6/2', 'O+', 'Itabuna', 'Vivo'),
('867.898.555-8', 'Ayla', '2020/1/13', 'O-', 'Osasco', 'Vivo'),
('868.361.252-3', 'João Gabriel', '1985/7/5', 'B+', 'Natal', 'Vivo'),
('491.985.477-3', 'Isaac', '1996/6/22', 'O-', 'Rio de Janeiro', 'Vivo'),
('183.391.257-5', 'MiguelLucca', '2005/7/1', 'AB+', 'Osasco', 'Vivo'),
('666.767.137-4', 'Miguel', '1960/12/1', 'AB+', 'Brasília', 'Vivo'),
('129.608.605-7', 'Mariana', '2015/7/16', 'B+', 'São Luis', 'Falecido'),
('686.739.887-4', 'Sarah', '1986/2/23', 'AB+', 'Goiânia', 'Vivo'),
('288.247.159-3', 'Henry', '2003/10/16', 'AB+', 'Goiânia', 'Vivo'),
('137.615.291-6', 'Maria Alice', '1973/2/8', 'A+', 'Belo Horizonte', 'Vivo'),
('659.680.267-2', 'Vitor', '1989/12/2', 'O-', 'Goiânia', 'Vivo'),
('248.753.146-8', 'Yuri', '1983/7/10', 'AB+', 'Brasília', 'Vivo'),
('222.299.923-6', 'João Guilherme', '1980/8/2', 'A-', 'São Carlos', 'Vivo'),
('884.442.969-9', 'Elisa', '1993/3/18', 'A+', 'Itabuna', 'Vivo'),
('919.658.134-4', 'Agatha', '1998/1/2', 'AB+', 'Indaiatuba', 'Vivo'),
('420.521.794-6', 'Isadora', '1998/6/7', 'A+', 'Osasco', 'Vivo'),
('505.622.375-8', 'Apollo', '2008/1/9', 'A-', 'Rio de Janeiro', 'Falecido'),
('131.429.242-5', 'Catarina', '2006/12/14', 'B+', 'Gramado', 'Vivo'),
('713.651.608-9', 'Ana Clara', '1966/2/5', 'AB+', 'Itabuna', 'Vivo'),
('690.260.570-6', 'Lavínia', '1992/4/11', 'A-', 'Charqueada', 'Vivo'),
('428.103.478-6', 'Théo', '1953/1/8', 'A-', 'Curitiba', 'Vivo'),
('601.115.648-2', 'Giovanna', '1969/9/14', 'A+', 'Salto', 'Vivo'),
('586.604.157-0', 'Heloísa', '1997/8/19', 'B+', 'Juiz de Fora', 'Falecido'),
('567.225.943-9', 'Cecília', '1989/12/30', 'AB+', 'Natal', 'Vivo'),
('946.288.408-6', 'Allana', '1965/1/10', 'B-', 'Fortaleza', 'Vivo'),
('530.627.323-3', 'Maria Cecília', '1967/5/14', 'B-', 'Goiânia', 'Vivo'),
('354.145.772-6', 'Marina', '2022/12/15', 'B-', 'São Luis', 'Vivo'),
('848.575.738-8', 'Laura', '1983/12/20', 'B-', 'São Paulo', 'Vivo'),
('776.370.709-3', 'Maria Cecília', '1977/6/29', 'AB+', 'São Carlos', 'Vivo'),
('992.185.634-3', 'Catarina', '2012/6/30', 'O+', 'São Luis', 'Vivo'),
('418.210.610-8', 'Lívia', '2000/1/20', 'O+', 'Osasco', 'Vivo'),
('112.493.846-2', 'Nathan', '1961/5/15', 'A-', 'Salvador', 'Vivo'),
('220.572.380-6', 'Luiz Miguel', '2001/2/5', 'O+', 'Brasília', 'Vivo'),
('464.779.309-5', 'MiguelLucca', '1999/2/2', 'A+', 'Osasco', 'Falecido'),
('188.360.364-4', 'Sophia', '1962/4/14', 'A-', 'Indaiatuba', 'Vivo'),
('188.369.136-2', 'Apollo', '2018/7/25', 'A-', 'Rio de Janeiro', 'Falecido'),
('597.291.548-4', 'Otávio', '1970/5/10', 'O+', 'Natal', 'Vivo'),
('695.589.631-7', 'Melissa', '2003/10/24', 'O+', 'Natal', 'Vivo'),
('235.390.787-4', 'Francisco', '1991/8/15', 'AB+', 'Hortolândia', 'Falecido'),
('665.921.437-1', 'Derick', '1963/11/3', 'AB+', 'Fortaleza', 'Vivo'),
('615.395.938-2', 'Ana Liz', '2000/6/1', 'O-', 'Campinas', 'Vivo'),
('373.764.625-9', 'Cecília', '2002/2/22', 'O+', 'São Luis', 'Vivo'),
('663.472.948-5', 'Mathias', '1957/3/5', 'A+', 'Campinas', 'Vivo'),
('652.390.879-2', 'Anthony', '1953/10/8', 'AB-', 'Osasco', 'Vivo'),
('547.959.747-5', 'Enrico', '1994/9/22', 'B-', 'Fortaleza', 'Vivo'),
('407.517.707-1', 'Vitória', '1999/1/8', 'B+', 'Goiânia', 'Vivo'),
('229.148.823-4', 'Rafaela', '1950/1/10', 'A+', 'Brotas', 'Vivo'),
('182.348.673-8', 'Arthur', '1984/11/28', 'B+', 'Rio de Janeiro', 'Vivo'),
('818.690.840-0', 'Gabriel', '2007/6/23', 'B-', 'Manaus', 'Vivo'),
('167.877.978-1', 'Lavínia', '1976/6/18', 'O-', 'Natal', 'Vivo'),
('896.380.423-7', 'Lorenzo', '2016/11/26', 'O+', 'Campinas', 'Vivo'),
('992.249.229-6', 'Cauã', '1968/9/27', 'AB-', 'Goiânia', 'Vivo'),
('288.606.579-8', 'Rael', '1968/8/1', 'O+', 'São Carlos', 'Vivo'),
('868.389.483-0', 'Beatriz', '1957/3/23', 'B-', 'Brasília', 'Vivo'),
('132.909.980-3', 'Maria Helena', '1971/9/4', 'A+', 'Hortolândia', 'Vivo'),
('919.261.519-9', 'João Lucas', '1995/12/7', 'AB+', 'Brasília', 'Vivo'),
('439.683.364-7', 'Ícaro', '1973/11/1', 'A-', 'Salto', 'Vivo'),
('838.455.787-3', 'Esther', '2017/3/27', 'AB-', 'Juiz de Fora', 'Vivo'),
('132.512.494-4', 'Arthur', '1996/12/1', 'A-', 'Fortaleza', 'Falecido'),
('753.980.954-4', 'Isaac', '2019/8/29', 'B+', 'Salto', 'Vivo'),
('696.201.337-2', 'Lívia', '1964/6/15', 'O+', 'Montes Claros', 'Vivo'),
('710.155.453-1', 'Maria Luísa', '1997/10/25', 'AB-', 'Brasília', 'Vivo'),
('533.330.686-5', 'Rafaela', '1988/12/29', 'AB-', 'Juiz de Fora', 'Vivo'),
('419.381.954-5', 'Breno', '1991/9/18', 'B-', 'Campinas', 'Vivo'),
('983.306.283-9', 'Elisa', '2003/5/6', 'O+', 'Salvador', 'Vivo'),
('186.782.633-9', 'Murilo', '1980/8/19', 'A+', 'Charqueada', 'Vivo'),
('563.832.188-4', 'Clara', '1991/6/1', 'A+', 'Manaus', 'Vivo'),
('480.387.541-0', 'Otávio', '1956/4/5', 'O-', 'São Luis', 'Vivo'),
('523.515.770-4', 'Eduardo', '1956/4/3', 'A+', 'Montes Claros', 'Vivo'),
('271.218.363-6', 'Henrique', '2017/9/4', 'B+', 'Campinas', 'Vivo'),
('494.502.262-3', 'Felipe', '1967/5/11', 'AB+', 'São Paulo', 'Falecido'),
('433.500.952-7', 'Beatriz', '1985/10/20', 'B+', 'Gramado', 'Vivo'),
('113.910.798-0', 'Augusto', '1962/11/8', 'AB+', 'Manaus', 'Vivo'),
('656.744.931-5', 'Allana', '2021/10/20', 'A+', 'Salto', 'Vivo'),
('133.644.873-7', 'Enrico', '1983/11/9', 'A-', 'Andradas', 'Falecido'),
('155.127.373-1', 'Isabella', '1994/6/11', 'A-', 'Indaiatuba', 'Vivo'),
('113.308.760-6', 'Nathan', '1985/11/15', 'B-', 'Rio de Janeiro', 'Vivo'),
('254.586.446-8', 'Maria Júlia', '2001/9/11', 'O-', 'Belo Horizonte', 'Vivo'),
('613.276.760-1', 'Yan', '1953/7/29', 'O-', 'Charqueada', 'Falecido'),
('142.484.355-7', 'Sarah', '2012/9/18', 'A-', 'Juiz de Fora', 'Falecido'),
('638.419.865-5', 'Vinícius', '1980/5/8', 'A-', 'Manaus', 'Vivo'),
('516.913.119-7', 'Giovanna', '1969/1/16', 'AB+', 'Charqueada', 'Vivo'),
('243.369.360-9', 'Lívia', '2012/4/1', 'O+', 'Goiânia', 'Vivo'),
('335.753.313-5', 'Miguel', '2018/3/1', 'A-', 'Manaus', 'Vivo'),
('540.420.646-8', 'Gabriel', '1966/6/4', 'O+', 'Natal', 'Vivo'),
('572.978.453-6', 'Rafaela', '1982/6/27', 'AB-', 'São Paulo', 'Vivo'),
('934.778.445-3', 'Bryan', '1971/4/24', 'AB-', 'Fortaleza', 'Vivo'),
('822.592.354-4', 'Nathan', '1974/7/4', 'B+', 'Salvador', 'Vivo'),
('960.337.195-7', 'João Guilherme', '2005/12/5', 'B-', 'Belo Horizonte', 'Vivo'),
('799.656.674-6', 'Gustavo', '2000/1/27', 'O-', 'Goiânia', 'Falecido'),
('297.223.571-8', 'Nicole', '1989/3/30', 'A-', 'Salto', 'Vivo'),
('895.702.939-9', 'Isis', '1961/11/12', 'A+', 'Salvador', 'Vivo'),
('430.725.944-3', 'Emanuelly', '1979/7/4', 'AB-', 'Charqueada', 'Vivo'),
('646.657.616-3', 'Valentim', '2015/10/9', 'B-', 'Gramado', 'Falecido'),
('669.132.479-0', 'Davi Lucas', '1973/5/15', 'A-', 'Brasília', 'Vivo'),
('369.124.620-3', 'Arthur Gabriel', '1973/5/14', 'O+', 'Rio de Janeiro', 'Vivo'),
('560.313.451-2', 'Thomas', '1972/8/4', 'AB+', 'Brotas', 'Vivo'),
('986.524.543-2', 'Vinícius', '1990/6/11', 'O-', 'Gramado', 'Vivo'),
('327.932.792-7', 'Maria Cecília', '1979/1/28', 'AB-', 'Belo Horizonte', 'Vivo'),
('466.639.210-7', 'Davi', '1957/9/14', 'B+', 'Natal', 'Falecido'),
('575.304.921-8', 'Ícaro', '2008/1/27', 'AB+', 'Andradas', 'Vivo'),
('441.596.301-5', 'Lorenzo', '1998/10/9', 'B+', 'Campinas', 'Vivo'),
('638.632.526-8', 'Matheus', '1952/1/30', 'O+', 'São Luis', 'Vivo'),
('101.318.627-8', 'Rafaela', '2011/4/9', 'B+', 'Itabuna', 'Vivo'),
('736.323.693-9', 'Theodoro', '1998/7/7', 'AB-', 'Goiânia', 'Falecido'),
('824.185.720-3', 'Luísa', '2007/1/23', 'O+', 'Brasília', 'Vivo'),
('684.834.346-7', 'Luan', '1982/4/14', 'A-', 'Osasco', 'Falecido'),
('196.260.786-9', 'Samuel', '2007/6/24', 'B-', 'Indaiatuba', 'Falecido'),
('317.118.980-9', 'Rebeca', '1973/8/3', 'B-', 'São Carlos', 'Vivo'),
('992.266.581-7', 'Ícaro', '1970/12/12', 'A+', 'Campinas', 'Falecido'),
('365.577.377-9', 'José', '2007/2/6', 'AB-', 'Manaus', 'Vivo'),
('850.498.933-4', 'Elisa', '2001/3/8', 'AB+', 'Belo Horizonte', 'Vivo'),
('460.688.383-7', 'Lívia', '1960/10/5', 'AB-', 'Natal', 'Vivo'),
('597.909.982-8', 'Ana Júlia', '1990/2/17', 'A+', 'Montes Claros', 'Vivo'),
('894.533.522-4', 'José', '2017/7/11', 'B-', 'Montes Claros', 'Vivo'),
('717.559.806-1', 'Maria Cecília', '1968/9/2', 'B+', 'Juiz de Fora', 'Vivo'),
('670.953.202-8', 'Clara', '1979/11/13', 'O+', 'Belo Horizonte', 'Vivo'),
('438.931.292-0', 'Sarah', '1963/1/26', 'B+', 'Juiz de Fora', 'Vivo'),
('384.966.745-9', 'Maria Helena', '2011/2/19', 'B-', 'Rio de Janeiro', 'Vivo'),
('145.814.352-9', 'Maria Helena', '2004/10/29', 'O-', 'Natal', 'Falecido'),
('738.751.451-8', 'Olívia', '1951/2/17', 'AB-', 'Curitiba', 'Vivo'),
('541.751.902-8', 'Yan', '2006/2/12', 'B+', 'Goiânia', 'Vivo'),
('733.418.506-4', 'João', '1956/5/22', 'O+', 'Gramado', 'Vivo'),
('776.341.838-6', 'Valentim', '1980/4/25', 'A+', 'Manaus', 'Vivo'),
('361.389.694-3', 'Pedro', '1980/2/27', 'O+', 'Fortaleza', 'Vivo'),
('979.857.631-9', 'Maria Helena', '1959/8/27', 'B-', 'Fortaleza', 'Vivo'),
('522.691.998-6', 'Isabelly', '1984/6/30', 'O+', 'Rio de Janeiro', 'Vivo'),
('948.662.183-7', 'Augusto', '2022/5/20', 'B+', 'Montes Claros', 'Falecido'),
('461.870.442-1', 'Ravi', '1965/12/8', 'B+', 'Montes Claros', 'Falecido'),
('691.432.524-0', 'Davi Lucca', '1965/11/27', 'B+', 'Charqueada', 'Vivo'),
('816.386.615-1', 'Beatriz', '1962/3/2', 'O-', 'Goiânia', 'Vivo'),
('219.291.723-7', 'Maitê', '1976/6/7', 'B+', 'Natal', 'Vivo'),
('195.940.603-0', 'Luiz Miguel', '2016/9/23', 'A+', 'Salto', 'Vivo'),
('708.610.845-0', 'Thomas', '1983/6/10', 'O+', 'Rio de Janeiro', 'Vivo'),
('491.657.749-6', 'Ana Liz', '2002/8/23', 'AB+', 'Rio de Janeiro', 'Falecido'),
('839.196.208-3', 'Luísa', '1991/12/8', 'O+', 'São Carlos', 'Vivo'),
('187.837.313-2', 'Rafael', '1989/7/13', 'O+', 'Campinas', 'Vivo'),
('896.285.209-9', 'Benício', '1992/3/1', 'AB-', 'Salto', 'Vivo'),
('262.637.825-1', 'Cauã', '2001/6/22', 'AB-', 'Charqueada', 'Falecido'),
('737.994.725-5', 'Eduardo', '1950/5/27', 'AB-', 'Campinas', 'Vivo'),
('112.885.659-0', 'Emanuelly', '1971/2/14', 'O-', 'Campinas', 'Vivo'),
('403.455.890-1', 'Henrique', '1991/3/1', 'O+', 'Andradas', 'Falecido'),
('697.288.483-1', 'Vitória', '1988/12/12', 'AB-', 'Charqueada', 'Vivo'),
('517.582.942-9', 'Davi Lucca', '1981/6/22', 'A-', 'Salvador', 'Vivo'),
('398.171.240-8', 'Breno', '2013/1/24', 'B+', 'Salvador', 'Vivo'),
('772.497.118-6', 'Lavínia', '1973/11/12', 'AB-', 'Osasco', 'Vivo'),
('738.872.550-8', 'Murilo', '2016/10/13', 'AB+', 'Salto', 'Vivo'),
('473.995.539-8', 'Noah', '2020/11/15', 'AB+', 'Belo Horizonte', 'Vivo'),
('749.423.463-1', 'Manuela', '1995/6/6', 'AB+', 'Manaus', 'Vivo'),
('397.532.143-0', 'Derick', '1955/10/1', 'AB+', 'Gramado', 'Vivo'),
('119.351.433-9', 'Yan', '1995/10/16', 'B+', 'Rio de Janeiro', 'Vivo'),
('253.843.625-2', 'Murilo', '1999/10/2', 'AB-', 'Hortolândia', 'Vivo'),
('457.805.107-4', 'Ana Júlia', '2004/8/30', 'B-', 'Brasília', 'Vivo'),
('515.688.843-2', 'Lorena', '2017/2/9', 'O+', 'Manaus', 'Vivo'),
('312.660.959-4', 'Benício', '2011/7/8', 'AB-', 'Rio de Janeiro', 'Falecido'),
('536.453.378-1', 'Ana Clara', '1988/10/13', 'O+', 'Salvador', 'Falecido'),
('433.346.599-8', 'Maya', '1993/10/22', 'O-', 'Gramado', 'Vivo');


insert into hospital (id_hospital, nome, cidade) values
(4584563, 'Hospital Albert Einstein', 'Goiânia'),
(5181226, 'Hospital Sírio-Libanês', 'Andradas'),
(4074795, 'Hospital Oswaldo Cruz', 'Belo Horizonte'),
(4178642, 'Hospital das Clínicas da Universidade de São Paulo', 'Fortaleza'),
(3465726, 'Hospital Moinhos de Vento', 'Curitiba'),
(5912607, 'Rede D`Or.', 'Fortaleza'),
(6868416, 'Hospital Santa Paula', 'Charqueada'),
(8785230, 'Centro Médico Campinas', 'São Luis'),
(8659963, 'Hospital Samaritano', 'Osasco'),
(5404626, 'Hospital do Coração', 'Salto'),
(6750229, 'Hospital 9 de Julho', 'Charqueada'),
(3846725, 'Hospital Universitário da USP', 'Charqueada'),
(6873756, 'Hospital Meridional', 'São Carlos');


insert into doacao (id_doacao, data_doacao, rg_paciente, id_hospital, rg_doador) values
(1, '2015/7/11', '592.311.620-0', 4178642, '430.725.944-3'),
(2, '2021/7/17', NULL, 4074795, '579.374.221-0'),
(3, '2016/6/27', NULL, 6873756, '760.491.692-1'),
(4, '2018/2/22', '332.652.815-6', 5404626, '109.409.460-1'),
(5, '2000/7/22', NULL, 8659963, '112.885.659-0'),
(6, '2003/9/27', '949.521.809-6', 6873756, '718.510.621-5'),
(7, '2013/1/19', NULL, 4178642, '145.808.472-8'),
(8, '2015/1/17', '315.359.516-6', 6873756, '403.340.342-1'),
(9, '2022/6/30', '635.500.128-1', 8785230, '227.761.944-7'),
(10, '2005/6/4', '687.442.969-9', 4074795, '536.453.378-1'),
(11, '2001/3/12', '185.187.599-1', 4584563, '649.279.957-0'),
(12, '2014/3/14', '629.152.801-2', 8785230, '734.742.381-3'),
(13, '2008/5/13', '913.220.211-9', 4584563, '232.877.744-3'),
(14, '2013/7/9', '412.808.803-6', 8785230, '385.696.885-4'),
(15, '2015/5/7', '949.301.481-6', 8659963, '402.768.980-9'),
(16, '2016/9/30', '854.277.947-5', 5181226, '351.917.564-1'),
(17, '2017/2/17', '516.762.243-9', 6750229, '392.416.485-8'),
(18, '2008/6/27', '486.752.240-3', 5404626, '291.291.931-0'),
(19, '2006/9/21', '629.106.489-5', 5912607, '472.577.429-9'),
(20, '2016/4/15', '822.217.400-5', 6873756, '740.724.355-5'),
(21, '2019/12/9', NULL, 3465726, '235.883.593-4'),
(22, '2012/11/27', '532.882.934-7', 6873756, '570.434.995-2'),
(23, '2017/10/7', NULL, 5404626, '642.955.665-2'),
(24, '2016/9/11', '762.765.665-9', 8785230, '640.139.111-7'),
(25, '2014/5/19', '260.561.525-8', 4584563, '329.936.915-0'),
(26, '2000/12/9', '692.228.355-3', 5404626, '395.475.157-5'),
(27, '2019/2/7', '243.274.191-9', 5404626, '540.683.416-5'),
(28, '2013/1/14', '939.294.251-8', 3465726, '442.370.803-5'),
(29, '2004/2/1', '740.216.638-6', 8659963, '490.954.381-4'),
(30, '2005/8/7', '221.121.829-9', 6750229, '588.186.663-9'),
(31, '2021/7/25', '411.439.117-0', 6750229, '948.197.913-0'),
(32, '2009/1/31', '467.235.368-3', 6868416, '107.500.439-1'),
(33, '2015/10/13', '933.154.187-0', 3465726, '129.167.380-7'),
(34, '2002/1/22', '887.280.409-7', 8785230, '455.857.995-3'),
(35, '2001/9/13', '575.616.496-6', 6873756, '717.449.519-5'),
(36, '2003/3/18', '625.265.483-7', 5912607, '318.414.530-9'),
(37, '2021/3/17', NULL, 5181226, '376.324.201-2'),
(38, '2002/7/17', '962.918.131-6', 6750229, '660.451.818-3'),
(39, '2003/10/25', '281.890.415-4', 5912607, '658.871.198-4'),
(40, '2000/9/2', '642.971.225-3', 4584563, '717.449.519-5'),
(41, '2012/7/17', '557.962.402-5', 5181226, '948.569.374-7'),
(42, '2021/10/25', '969.567.331-3', 5912607, '438.931.292-0'),
(43, '2003/6/8', '565.164.173-4', 8785230, '442.370.803-5'),
(44, '2018/8/23', '360.227.461-8', 8659963, '481.176.657-6'),
(45, '2020/9/26', '609.742.868-4', 8659963, '437.298.975-6'),
(46, '2000/11/2', NULL, 3846725, '291.291.931-0'),
(47, '2013/1/4', '239.650.230-1', 5912607, '294.192.426-1'),
(48, '2010/4/28', '926.596.679-5', 4178642, '544.291.578-8'),
(49, '2016/5/26', '948.269.483-2', 4074795, '276.716.603-9'),
(50, '2010/8/15', NULL, 8785230, '268.880.454-9'),
(51, '2016/1/5', NULL, 6750229, '455.857.995-3'),
(52, '2006/1/19', '799.218.639-3', 4584563, '688.404.545-9'),
(53, '2011/12/21', '374.880.821-7', 6868416, '434.423.353-6'),
(54, '2000/8/12', NULL, 4584563, '407.517.707-1'),
(55, '2010/2/24', '669.323.833-8', 5404626, '723.828.197-2'),
(56, '2013/12/27', '710.565.602-6', 3465726, '777.536.645-1'),
(57, '2003/7/31', NULL, 8785230, '367.967.601-7'),
(58, '2011/9/20', '973.691.285-5', 5404626, '721.517.421-7'),
(59, '2015/11/22', NULL, 5912607, '848.901.961-5'),
(60, '2022/4/26', '478.762.106-8', 5912607, '148.659.126-6'),
(61, '2002/10/23', '751.401.966-9', 6750229, '275.550.840-3'),
(62, '2005/6/30', '235.960.865-7', 4178642, '826.225.376-9'),
(63, '2007/5/25', '472.596.656-8', 8785230, '808.722.868-8'),
(64, '2009/1/4', '142.449.996-8', 3846725, '800.893.338-4'),
(65, '2012/12/2', NULL, 4178642, '110.585.619-2'),
(66, '2007/6/8', '243.856.898-8', 3846725, '992.302.729-5'),
(67, '2006/11/2', '876.299.430-7', 6873756, '439.395.706-7'),
(68, '2014/1/7', '838.948.303-2', 3465726, '633.688.393-7'),
(69, '2009/11/18', '145.178.182-7', 5404626, '248.753.146-8'),
(70, '2001/11/25', '545.391.599-4', 4178642, '254.945.410-6'),
(71, '2022/4/11', '240.517.460-9', 8659963, '783.542.718-9'),
(72, '2015/8/1', '188.159.640-7', 4584563, '392.416.485-8'),
(73, '2020/12/4', '938.922.564-9', 5912607, '776.385.596-0'),
(74, '2000/4/25', NULL, 5181226, '367.967.601-7'),
(75, '2008/7/2', '730.557.579-8', 4584563, '132.909.980-3'),
(76, '2011/8/13', '920.424.305-3', 5404626, '675.188.778-3'),
(77, '2005/10/14', '585.486.925-8', 4584563, '550.775.434-0'),
(78, '2000/7/24', '174.818.560-9', 3465726, '824.312.456-2'),
(79, '2003/8/1', '146.397.314-4', 6868416, '952.789.598-2'),
(80, '2016/6/20', '275.546.339-0', 4584563, '124.323.165-0'),
(81, '2009/6/18', '497.597.863-9', 4584563, '368.899.172-6'),
(82, '2004/8/7', NULL, 4074795, '989.482.454-3'),
(83, '2006/8/26', '143.636.733-6', 6868416, '907.558.735-0'),
(84, '2007/2/24', '379.897.200-8', 6873756, '522.582.440-7'),
(85, '2004/12/7', '763.839.931-6', 4584563, '807.620.463-8'),
(86, '2021/12/23', '554.493.667-3', 4074795, '384.348.525-1'),
(87, '2005/3/21', '443.720.401-2', 5404626, '805.849.865-9'),
(88, '2007/3/25', '783.762.609-2', 8659963, '188.369.136-2'),
(89, '2017/5/23', '375.436.474-4', 4074795, '586.759.399-5'),
(90, '2005/4/7', '913.220.211-9', 5912607, '896.837.249-4'),
(91, '2011/11/13', '596.677.569-8', 3846725, '428.401.542-3'),
(92, '2012/6/25', '800.410.900-3', 3465726, '497.748.803-9'),
(93, '2019/11/22', '812.416.160-1', 4584563, '760.455.396-0'),
(94, '2006/12/19', '895.132.145-8', 5912607, '985.594.484-5'),
(95, '2020/4/24', '346.267.519-5', 3846725, '972.555.816-2'),
(96, '2015/1/11', '621.404.376-9', 5912607, '392.416.485-8'),
(97, '2009/10/3', NULL, 4584563, '907.558.735-0'),
(98, '2011/9/6', '751.401.966-9', 4584563, '466.639.210-7'),
(99, '2014/3/20', '169.873.359-1', 5181226, '934.756.540-7'),
(100, '2008/10/7', '473.358.479-0', 4584563, '165.477.554-3'),
(101, '2015/2/16', '547.743.260-8', 5912607, '275.550.840-3'),
(102, '2002/12/1', '718.200.618-9', 4074795, '370.104.744-8'),
(103, '2017/11/13', '670.303.307-7', 5181226, '859.863.110-7'),
(104, '2021/4/13', '887.280.409-7', 3846725, '877.966.819-3'),
(105, '2018/6/18', '637.834.282-1', 3465726, '480.387.541-0'),
(106, '2002/8/1', '539.602.390-6', 6750229, '439.135.927-2'),
(107, '2000/2/26', '565.664.469-1', 4584563, '684.834.346-7'),
(108, '2005/3/15', '379.818.949-4', 5404626, '353.449.377-9'),
(109, '2015/9/5', NULL, 8659963, '254.945.410-6'),
(110, '2020/1/15', '625.989.864-2', 4074795, '433.346.599-8'),
(111, '2022/1/6', NULL, 4584563, '167.189.681-5'),
(112, '2002/12/26', '422.784.881-6', 3846725, '896.380.423-7'),
(113, '2007/7/23', '205.322.114-0', 4074795, '800.893.338-4'),
(114, '2017/3/20', '613.875.437-8', 5181226, '197.563.872-8'),
(115, '2022/11/2', '962.918.131-6', 5404626, '652.428.187-3'),
(116, '2020/5/15', NULL, 4178642, '329.936.915-0'),
(117, '2014/9/5', NULL, 5404626, '717.449.519-5'),
(118, '2006/8/22', NULL, 5912607, '420.521.794-6'),
(119, '2012/3/28', '178.422.765-2', 3846725, '691.160.690-8'),
(120, '2014/10/22', '438.457.129-9', 4178642, '480.786.461-6'),
(121, '2014/4/10', '808.709.704-3', 6873756, '195.940.603-0'),
(122, '2021/6/16', NULL, 4074795, '521.757.364-7'),
(123, '2020/9/13', '769.534.154-8', 5181226, '329.936.915-0'),
(124, '2003/2/9', NULL, 4074795, '167.922.996-5'),
(125, '2004/9/17', NULL, 3846725, '734.742.381-3'),
(126, '2004/3/12', '704.779.793-4', 6750229, '782.543.333-3'),
(127, '2007/12/14', '434.403.898-2', 5181226, '818.702.656-2'),
(128, '2006/12/24', NULL, 4584563, '270.438.970-1'),
(129, '2008/6/7', '443.206.752-4', 4584563, '421.939.287-3'),
(130, '2003/3/11', '229.514.543-2', 8659963, '131.429.242-5'),
(131, '2022/2/23', '977.338.264-2', 4074795, '210.227.925-6'),
(132, '2014/8/20', '559.909.314-9', 4074795, '219.913.976-4'),
(133, '2021/9/7', '771.161.536-9', 6873756, '273.509.373-0'),
(134, '2002/1/30', NULL, 4584563, '154.754.567-7'),
(135, '2003/10/19', '791.539.542-0', 4178642, '590.251.829-2'),
(136, '2011/3/25', NULL, 4074795, '917.802.775-5'),
(137, '2011/2/1', '614.414.412-8', 3846725, '231.797.964-6'),
(138, '2003/3/4', '294.926.269-2', 8785230, '449.297.529-8'),
(139, '2015/12/25', NULL, 4178642, '797.162.702-8'),
(140, '2020/10/20', NULL, 3846725, '863.221.222-7'),
(141, '2009/11/17', '210.899.340-5', 8785230, '171.476.430-9'),
(142, '2020/9/29', '394.928.228-1', 6868416, '361.389.694-3'),
(143, '2015/6/18', NULL, 4074795, '640.332.240-4'),
(144, '2022/8/3', NULL, 4074795, '258.521.587-2'),
(145, '2009/2/23', '293.394.651-0', 4074795, '170.971.665-6'),
(146, '2014/5/28', '242.742.697-4', 4584563, '959.685.532-2'),
(147, '2015/5/20', '558.987.778-4', 4178642, '877.966.819-3'),
(148, '2013/10/13', '309.914.357-2', 4074795, '562.441.238-9'),
(149, '2014/7/8', '568.826.568-4', 4584563, '222.299.923-6'),
(150, '2001/1/7', '959.380.759-7', 4074795, '673.594.421-4'),
(151, '2014/7/24', '965.382.213-2', 4584563, '360.871.909-1'),
(152, '2006/9/21', '946.846.224-7', 4074795, '816.543.677-4'),
(153, '2019/1/11', NULL, 6750229, '926.220.381-7'),
(154, '2016/2/20', NULL, 5181226, '716.163.945-1'),
(155, '2019/5/18', NULL, 8785230, '236.754.203-6'),
(156, '2010/3/7', '847.698.582-6', 6873756, '942.543.390-4'),
(157, '2022/1/29', '912.403.550-8', 8785230, '860.771.712-1'),
(158, '2007/6/17', '592.311.620-0', 4584563, '631.518.206-7'),
(159, '2001/9/1', '514.339.200-1', 6868416, '313.350.343-8'),
(160, '2021/5/2', NULL, 5181226, '998.379.976-0'),
(161, '2014/6/3', NULL, 4178642, '865.640.459-9'),
(162, '2004/6/21', '718.711.242-1', 4178642, '712.209.471-6'),
(163, '2019/10/31', '832.559.996-0', 3846725, '492.799.807-8'),
(164, '2014/12/28', '216.118.783-3', 5404626, '150.674.836-1'),
(165, '2013/4/17', '410.346.524-3', 6873756, '616.395.299-4'),
(166, '2019/11/7', NULL, 4074795, '919.658.134-4'),
(167, '2007/6/9', '791.318.967-3', 6750229, '329.936.915-0'),
(168, '2013/4/15', '925.341.447-2', 4584563, '219.291.723-7'),
(169, '2010/5/13', '200.895.896-1', 3465726, '858.969.835-6'),
(170, '2013/2/5', '238.696.803-3', 6868416, '588.864.889-5'),
(171, '2006/10/3', '939.294.251-8', 5404626, '615.910.485-6'),
(172, '2012/3/26', '915.183.882-0', 5404626, '490.954.381-4'),
(173, '2008/8/11', '967.774.955-4', 3465726, '439.135.927-2'),
(174, '2022/8/25', '965.382.213-2', 5181226, '150.196.735-7'),
(175, '2006/9/28', '595.538.122-2', 3465726, '934.756.540-7'),
(176, '2006/9/2', '615.290.359-5', 5181226, '702.974.408-3'),
(177, '2002/4/21', '115.428.329-4', 6750229, '665.921.437-1'),
(178, '2013/4/13', '345.589.159-3', 8785230, '765.172.122-3'),
(179, '2007/10/7', NULL, 4584563, '282.929.290-4'),
(180, '2021/7/6', '408.446.980-2', 6868416, '159.318.643-1'),
(181, '2022/3/20', NULL, 3465726, '793.570.861-1'),
(182, '2005/11/20', '717.557.892-8', 4584563, '323.380.141-3'),
(183, '2006/4/8', '797.278.280-1', 6750229, '384.611.733-5'),
(184, '2017/9/4', '188.159.640-7', 8785230, '468.831.558-5'),
(185, '2022/8/2', '839.572.382-7', 3465726, '768.481.590-3'),
(186, '2011/10/27', NULL, 5404626, '443.327.275-2'),
(187, '2020/4/8', '577.356.779-3', 5912607, '293.597.533-0'),
(188, '2004/8/16', NULL, 3465726, '853.117.289-8'),
(189, '2008/1/6', '629.598.922-3', 6868416, '895.702.939-9'),
(190, '2021/4/29', '545.391.599-4', 4178642, '201.623.848-4'),
(191, '2006/1/31', '628.368.828-1', 8785230, '384.348.525-1'),
(192, '2002/3/10', '831.485.724-4', 6873756, '638.632.526-8'),
(193, '2019/4/27', NULL, 8785230, '722.603.138-1'),
(194, '2019/9/6', '307.201.100-8', 6750229, '585.956.554-7'),
(195, '2022/11/9', '141.670.686-4', 8659963, '433.500.952-7'),
(196, '2001/10/17', '240.517.460-9', 4178642, '132.909.980-3'),
(197, '2000/5/8', '401.715.296-9', 4074795, '473.633.143-0'),
(198, '2001/12/11', '767.283.747-9', 8785230, '635.542.783-4'),
(199, '2012/9/12', '590.838.764-3', 8785230, '644.447.883-2'),
(200, '2016/8/3', '786.446.295-7', 5181226, '816.543.677-4'),
(201, '2016/5/4', '609.975.788-6', 4074795, '783.542.718-9'),
(202, '2000/5/15', '402.500.937-6', 5181226, '472.577.429-9'),
(203, '2011/4/23', '516.762.243-9', 5912607, '987.713.219-1'),
(204, '2021/4/5', '968.487.333-7', 4584563, '497.233.314-1'),
(205, '2015/9/5', NULL, 4178642, '816.543.677-4'),
(206, '2004/5/3', '705.294.697-1', 5404626, '860.677.276-4'),
(207, '2004/12/19', '735.555.810-2', 6873756, '476.994.342-9'),
(208, '2013/1/23', NULL, 6873756, '617.885.852-9'),
(209, '2010/3/10', '593.745.330-2', 3846725, '886.565.446-5'),
(210, '2008/12/19', NULL, 3465726, '579.276.138-9'),
(211, '2006/10/9', '815.410.143-4', 4074795, '998.379.976-0'),
(212, '2009/2/12', '783.762.609-2', 5912607, '949.478.845-3'),
(213, '2007/7/21', '539.988.846-8', 3846725, '148.659.126-6'),
(214, '2012/1/11', NULL, 3846725, '772.497.118-6'),
(215, '2013/12/12', '300.134.881-8', 5181226, '993.887.912-6'),
(216, '2003/11/22', NULL, 5912607, '949.478.845-3'),
(217, '2009/11/20', '797.614.125-9', 6750229, '638.419.865-5'),
(218, '2010/2/16', '160.646.436-0', 6750229, '162.313.876-4'),
(219, '2018/5/22', '779.134.995-8', 6750229, '917.802.775-5'),
(220, '2010/12/26', NULL, 6750229, '822.319.386-0'),
(221, '2012/1/12', '273.832.834-9', 4074795, '836.210.176-6'),
(222, '2006/11/2', NULL, 4178642, '884.442.969-9'),
(223, '2011/4/6', '360.227.461-8', 6873756, '491.985.477-3'),
(224, '2018/4/29', '797.278.280-1', 3465726, '535.219.643-6'),
(225, '2000/2/20', '596.677.569-8', 8785230, '537.568.954-3'),
(226, '2000/5/6', NULL, 4178642, '420.521.794-6'),
(227, '2009/8/1', '175.185.531-7', 3846725, '479.751.113-7'),
(228, '2011/6/22', '664.127.658-9', 6750229, '403.455.890-1'),
(229, '2001/5/5', NULL, 5912607, '316.723.175-4'),
(230, '2010/3/18', '347.563.369-1', 5404626, '132.909.980-3'),
(231, '2005/9/19', '345.589.159-3', 6750229, '905.489.659-0'),
(232, '2015/6/21', '798.731.894-2', 3465726, '115.394.537-7'),
(233, '2020/9/3', '909.342.863-4', 6750229, '516.913.119-7'),
(234, '2007/2/11', '290.947.710-5', 5181226, '272.318.208-7'),
(235, '2005/6/30', NULL, 5404626, '492.799.807-8'),
(236, '2007/4/8', '857.801.618-3', 5181226, '893.581.235-1'),
(237, '2009/11/11', '975.359.252-0', 8785230, '550.395.114-5'),
(238, '2015/9/19', '406.948.496-0', 4178642, '537.397.453-9'),
(239, '2007/5/10', '372.280.275-0', 4074795, '675.188.778-3'),
(240, '2003/1/6', '251.633.119-0', 4584563, '192.513.571-3'),
(241, '2018/4/20', '948.173.311-6', 4584563, '239.484.236-8'),
(242, '2007/8/7', NULL, 8659963, '875.634.490-8'),
(243, '2003/3/25', '799.752.648-9', 4178642, '977.839.942-7'),
(244, '2019/5/26', '243.856.898-8', 3846725, '310.774.528-0'),
(245, '2008/2/27', NULL, 6750229, '398.171.240-8'),
(246, '2002/1/29', '275.420.275-2', 4584563, '725.950.110-6'),
(247, '2006/12/30', '961.209.117-5', 8659963, '960.337.195-7'),
(248, '2004/2/14', NULL, 6873756, '490.424.957-3'),
(249, '2006/5/20', NULL, 5912607, '613.331.504-4'),
(250, '2014/4/14', '453.231.114-8', 5404626, '865.459.756-1'),
(251, '2011/3/3', '994.115.320-7', 5404626, '251.277.200-0'),
(252, '2001/11/4', '904.227.292-1', 3846725, '760.394.652-9'),
(253, '2000/6/17', '864.970.385-7', 3846725, '640.332.240-4'),
(254, '2020/8/17', '950.630.813-8', 3846725, '240.460.702-6'),
(255, '2011/2/26', '897.129.772-6', 8785230, '615.910.485-6'),
(256, '2007/12/4', '506.154.117-8', 5404626, '109.127.645-9'),
(257, '2014/4/13', '887.280.409-7', 3846725, '830.525.598-3'),
(258, '2014/4/19', '462.381.742-3', 4584563, '294.299.461-5'),
(259, '2005/7/10', '210.899.340-5', 3846725, '800.893.338-4'),
(260, '2011/12/30', '234.574.947-8', 8659963, '550.395.114-5'),
(261, '2012/6/7', '191.746.436-7', 5404626, '274.669.730-4'),
(262, '2022/9/29', '794.859.800-9', 4074795, '189.432.907-6'),
(263, '2007/10/28', '243.274.191-9', 5181226, '121.372.191-0'),
(264, '2000/11/27', '108.903.563-0', 8785230, '393.388.262-8'),
(265, '2018/12/17', '450.139.288-3', 5181226, '369.822.756-2'),
(266, '2009/2/12', '227.426.418-3', 3846725, '926.657.766-0'),
(267, '2003/5/21', '935.965.490-8', 5181226, '567.441.922-1'),
(268, '2019/9/20', '348.895.978-1', 8785230, '109.409.460-1'),
(269, '2015/2/17', '160.128.186-5', 4584563, '830.961.214-4'),
(270, '2003/3/19', '770.218.261-0', 6868416, '218.752.186-3'),
(271, '2002/6/4', '554.493.667-3', 4584563, '717.559.806-1'),
(272, '2021/5/18', '714.444.774-3', 4178642, '479.751.113-7'),
(273, '2004/2/25', '565.664.469-1', 6868416, '437.298.975-6'),
(274, '2009/8/9', '984.611.503-7', 4074795, '295.851.896-4'),
(275, '2014/10/28', '861.250.507-9', 6750229, '412.820.257-6'),
(276, '2005/10/6', '439.514.450-5', 5404626, '896.285.209-9'),
(277, '2017/9/26', '735.555.810-2', 3846725, '544.291.578-8'),
(278, '2012/5/30', '108.903.563-0', 3465726, '381.459.991-4'),
(279, '2004/3/15', '236.911.407-8', 5404626, '688.917.146-6'),
(280, '2014/3/1', '968.485.432-2', 4584563, '376.382.615-1'),
(281, '2020/4/26', NULL, 8659963, '516.598.836-9'),
(282, '2002/6/15', '191.291.247-5', 8785230, '468.768.699-6'),
(283, '2010/10/5', '652.775.745-8', 3465726, '113.910.798-0'),
(284, '2009/10/4', '904.227.292-1', 3846725, '693.344.697-1'),
(285, '2007/8/7', NULL, 6873756, '195.940.603-0'),
(286, '2016/11/28', '831.485.724-4', 8785230, '434.113.357-6'),
(287, '2013/4/22', '438.538.496-3', 4178642, '826.908.982-3'),
(288, '2015/5/8', '924.519.886-3', 8785230, '733.418.506-4'),
(289, '2016/3/21', NULL, 3846725, '492.469.670-2'),
(290, '2013/12/30', '221.286.449-5', 4178642, '163.555.378-5'),
(291, '2000/12/26', '986.218.113-1', 8659963, '579.276.138-9'),
(292, '2014/6/23', NULL, 6873756, '196.260.786-9'),
(293, '2003/7/21', NULL, 6873756, '749.423.463-1'),
(294, '2012/10/14', NULL, 8659963, '624.289.147-1'),
(295, '2013/1/17', '175.185.531-7', 4178642, '933.605.371-2'),
(296, '2016/3/25', '990.576.848-9', 3846725, '793.119.504-7'),
(297, '2005/9/12', '122.145.297-4', 6873756, '399.203.384-3'),
(298, '2002/9/14', NULL, 5404626, '772.310.604-6'),
(299, '2004/12/1', '218.561.797-3', 6873756, '950.223.967-5'),
(300, '2021/2/25', '915.183.882-0', 6868416, '258.856.803-4'),
(301, '2012/12/14', '443.720.401-2', 6868416, '581.315.363-3'),
(302, '2012/12/7', '568.826.568-4', 8785230, '154.934.583-5'),
(303, '2001/2/13', '342.649.811-8', 6868416, '419.174.628-6'),
(304, '2006/6/27', '717.377.625-1', 6868416, '986.524.543-2'),
(305, '2003/9/16', '752.893.208-4', 8785230, '863.221.222-7'),
(306, '2000/8/28', NULL, 4584563, '227.761.944-7'),
(307, '2001/10/15', '470.812.958-9', 4074795, '207.130.418-7'),
(308, '2012/7/8', '787.970.853-4', 4584563, '197.251.145-3'),
(309, '2013/10/18', NULL, 3465726, '617.885.852-9'),
(310, '2018/8/2', '274.403.163-8', 5912607, '537.397.453-9'),
(311, '2006/8/31', '890.592.565-4', 5912607, '492.469.670-2'),
(312, '2000/2/3', NULL, 5181226, '497.748.803-9'),
(313, '2016/1/24', '728.456.819-3', 6873756, '670.953.202-8'),
(314, '2016/5/27', NULL, 3465726, '439.555.908-5'),
(315, '2008/7/5', '237.585.379-8', 8659963, '758.485.626-5'),
(316, '2018/5/23', '335.798.223-1', 5181226, '921.632.279-3'),
(317, '2015/9/20', '831.485.724-4', 3846725, '802.810.862-5'),
(318, '2022/11/20', '686.436.981-0', 6873756, '776.385.596-0'),
(319, '2009/2/5', '440.551.821-6', 5912607, '485.269.588-9'),
(320, '2005/5/31', '942.793.619-2', 6750229, '909.514.719-0'),
(321, '2015/7/12', '763.839.931-6', 8659963, '398.725.424-9'),
(322, '2014/4/27', '178.491.916-7', 8659963, '992.302.729-5'),
(323, '2008/11/16', '297.470.956-7', 4584563, '710.155.453-1'),
(324, '2008/8/27', NULL, 6873756, '131.429.242-5'),
(325, '2007/9/2', '304.651.599-9', 4178642, '238.485.608-2'),
(326, '2002/1/9', '864.834.298-5', 5181226, '563.832.188-4'),
(327, '2020/3/4', '351.765.106-4', 6750229, '344.516.712-7'),
(328, '2000/2/4', '338.727.606-4', 6873756, '728.337.383-8'),
(329, '2013/5/24', NULL, 6750229, '111.510.137-3'),
(330, '2011/5/16', NULL, 5404626, '937.577.317-8'),
(331, '2018/11/12', '275.548.671-4', 8785230, '669.132.479-0'),
(332, '2004/7/16', '763.839.931-6', 5404626, '808.722.868-8'),
(333, '2001/10/19', '619.652.313-2', 3465726, '764.709.111-1'),
(334, '2003/3/30', '956.735.298-6', 4074795, '893.581.235-1'),
(335, '2016/8/4', '912.347.497-1', 3465726, '939.748.765-2'),
(336, '2019/6/15', '244.341.456-1', 5181226, '761.491.821-4'),
(337, '2008/4/28', '336.477.417-6', 3465726, '863.221.222-7'),
(338, '2019/3/10', NULL, 5181226, '882.235.339-9'),
(339, '2012/7/15', '598.946.915-3', 3846725, '407.582.388-8'),
(340, '2006/10/18', '777.855.734-8', 5181226, '733.418.506-4'),
(341, '2022/8/11', '642.971.225-3', 5912607, '258.521.587-2'),
(342, '2004/2/14', '961.209.117-5', 4584563, '305.851.813-7'),
(343, '2016/12/4', NULL, 4178642, '438.931.292-0'),
(344, '2015/12/13', '704.696.551-6', 8659963, '516.598.836-9'),
(345, '2016/1/26', '738.178.329-9', 6868416, '445.593.876-3'),
(346, '2006/2/24', NULL, 5181226, '679.382.139-6'),
(347, '2010/6/29', NULL, 6873756, '764.709.111-1'),
(348, '2004/10/24', '808.709.704-3', 8659963, '510.737.186-5'),
(349, '2004/4/22', '798.908.849-0', 4584563, '773.142.315-1'),
(350, '2022/4/25', '275.546.339-0', 8659963, '601.482.816-9'),
(351, '2017/2/20', '874.635.701-9', 6750229, '622.551.159-1'),
(352, '2009/9/11', '847.698.582-6', 5912607, '446.546.875-6'),
(353, '2020/5/3', NULL, 5404626, '557.865.547-3'),
(354, '2015/2/14', '886.254.502-5', 3846725, '260.843.715-1'),
(355, '2009/6/28', '561.575.238-0', 4074795, '681.874.202-9'),
(356, '2019/5/22', '462.423.112-3', 5181226, '596.866.164-5'),
(357, '2013/4/30', '236.911.407-8', 5912607, '932.258.463-6'),
(358, '2017/8/19', '558.987.778-4', 5181226, '792.164.902-1'),
(359, '2016/5/18', '149.998.973-9', 6868416, '982.580.115-5'),
(360, '2001/9/17', NULL, 6873756, '629.996.236-8'),
(361, '2002/5/4', '174.265.799-9', 5181226, '314.159.971-4'),
(362, '2007/12/29', '822.470.891-6', 6868416, '846.850.288-2'),
(363, '2003/5/18', '123.966.429-5', 6873756, '222.299.923-6'),
(364, '2009/11/19', '812.144.648-4', 5912607, '201.682.354-5'),
(365, '2001/8/3', '315.359.516-6', 6873756, '647.633.750-6'),
(366, '2012/3/3', '561.575.238-0', 4584563, '490.181.863-9'),
(367, '2007/3/3', '330.201.392-6', 5912607, '659.403.501-3'),
(368, '2010/7/19', '919.719.905-2', 8785230, '238.443.821-1'),
(369, '2018/9/30', '598.946.915-3', 3465726, '984.518.743-9'),
(370, '2012/3/2', '711.763.445-3', 3465726, '696.651.626-8'),
(371, '2008/8/17', '462.381.742-3', 6868416, '971.253.670-1'),
(372, '2004/4/1', '340.790.711-5', 8785230, '797.708.793-0'),
(373, '2004/10/2', '495.680.586-4', 4074795, '659.239.120-6'),
(374, '2019/8/9', '704.696.551-6', 5912607, '541.751.902-8'),
(375, '2020/12/13', '260.561.525-8', 6873756, '131.429.242-5'),
(376, '2017/4/17', '471.232.637-3', 6750229, '317.118.980-9'),
(377, '2010/12/10', '629.966.590-9', 8659963, '449.297.529-8'),
(378, '2008/7/12', '178.422.765-2', 5181226, '598.422.881-6'),
(379, '2014/1/16', '379.818.949-4', 6868416, '820.496.300-5'),
(380, '2015/3/27', NULL, 5912607, '354.145.772-6'),
(381, '2013/11/3', '897.129.300-3', 3846725, '863.221.222-7'),
(382, '2011/3/4', '880.341.102-3', 4178642, '157.594.903-7'),
(383, '2018/11/28', NULL, 5181226, '992.266.581-7'),
(384, '2007/11/19', '450.894.741-4', 8659963, '101.514.172-5'),
(385, '2006/5/12', '657.928.891-1', 4074795, '777.536.645-1'),
(386, '2017/12/12', '905.734.225-1', 4074795, '895.702.939-9'),
(387, '2009/7/7', '694.538.904-6', 6750229, '285.744.273-4'),
(388, '2016/5/17', '813.767.354-8', 6750229, '798.707.161-5'),
(389, '2014/5/6', '319.283.190-1', 4178642, '112.491.188-6'),
(390, '2006/3/29', '379.818.949-4', 3846725, '542.226.880-5'),
(391, '2007/12/18', '996.975.953-7', 3465726, '736.234.689-6'),
(392, '2013/8/10', '482.859.263-9', 8785230, '597.291.548-4'),
(393, '2020/11/8', '608.507.324-9', 3465726, '405.290.531-7'),
(394, '2007/5/19', '260.561.525-8', 3465726, '745.211.593-9'),
(395, '2017/7/30', '974.231.885-0', 4584563, '254.440.690-8'),
(396, '2004/12/30', '880.406.652-5', 5912607, '741.759.529-9'),
(397, '2013/4/19', '704.190.258-9', 8659963, '288.176.961-7'),
(398, '2007/4/24', '847.163.390-0', 4074795, '516.598.836-9'),
(399, '2010/12/13', '711.489.838-7', 6868416, '988.531.522-7'),
(400, '2009/1/30', NULL, 4178642, '563.832.188-4'),
(401, '2022/2/28', '133.787.342-1', 5404626, '934.778.445-3'),
(402, '2018/4/29', '333.883.377-1', 3465726, '867.497.375-1'),
(403, '2005/4/10', '275.546.339-0', 5181226, '355.603.216-5'),
(404, '2005/1/3', '150.669.497-4', 3465726, '468.831.558-5'),
(405, '2020/12/24', '670.303.307-7', 4178642, '288.831.107-9'),
(406, '2014/11/4', '422.784.881-6', 6868416, '116.814.899-5'),
(407, '2004/6/20', NULL, 5181226, '948.662.183-7'),
(408, '2017/5/27', NULL, 4178642, '588.452.168-7'),
(409, '2007/5/27', '798.305.492-0', 8659963, '693.344.697-1'),
(410, '2017/4/3', '568.826.568-4', 5404626, '403.455.890-1'),
(411, '2019/9/23', '943.335.284-2', 5404626, '877.989.358-5'),
(412, '2020/4/2', '234.574.947-8', 5912607, '115.567.367-9'),
(413, '2013/8/4', '821.804.588-2', 3846725, '285.744.273-4'),
(414, '2012/2/6', '431.255.495-9', 8785230, '381.907.159-9'),
(415, '2006/5/27', '783.762.609-2', 8659963, '493.400.439-8'),
(416, '2020/9/9', '628.160.806-9', 3846725, '615.910.485-6'),
(417, '2011/7/16', NULL, 4178642, '344.516.712-7'),
(418, '2010/4/13', '191.746.436-7', 6868416, '894.533.522-4'),
(419, '2007/9/2', '388.465.172-3', 3465726, '547.959.747-5'),
(420, '2008/10/5', NULL, 6873756, '264.688.167-0'),
(421, '2008/7/24', '785.633.168-8', 4074795, '581.499.806-5'),
(422, '2011/12/20', '322.723.933-2', 5912607, '493.397.558-9'),
(423, '2016/4/7', '701.942.996-1', 8785230, '150.930.315-1'),
(424, '2010/7/22', NULL, 5404626, '138.465.338-3'),
(425, '2014/10/6', '371.818.413-1', 3846725, '288.831.107-9'),
(426, '2011/3/12', '243.856.898-8', 4074795, '233.445.814-3'),
(427, '2011/7/14', '977.250.968-6', 6750229, '828.811.860-8'),
(428, '2015/10/23', '848.250.444-5', 6750229, '783.542.718-9'),
(429, '2019/2/19', '911.272.592-0', 8659963, '616.395.299-4'),
(430, '2017/5/23', '347.563.369-1', 3465726, '675.188.778-3'),
(431, '2011/11/13', '480.707.586-4', 6868416, '384.348.525-1'),
(432, '2011/8/4', NULL, 4178642, '154.934.583-5'),
(433, '2018/10/31', '815.410.143-4', 6868416, '397.532.143-0'),
(434, '2009/8/2', '832.559.996-0', 4178642, '405.706.956-6'),
(435, '2019/4/23', NULL, 3846725, '696.201.337-2'),
(436, '2013/9/11', '607.255.959-0', 6873756, '177.668.947-6'),
(437, '2017/5/17', '857.801.618-3', 5912607, '868.944.372-3'),
(438, '2010/12/11', '867.107.835-8', 6750229, '685.181.388-5'),
(439, '2001/6/5', '885.453.460-4', 5181226, '933.499.690-5'),
(440, '2018/7/14', '559.909.314-9', 5912607, '965.762.688-0'),
(441, '2018/3/14', '467.924.139-4', 8659963, '760.455.396-0'),
(442, '2020/11/27', '968.487.333-7', 3465726, '148.479.135-8'),
(443, '2009/6/19', '717.450.916-4', 6868416, '394.670.284-9'),
(444, '2006/10/19', '782.787.906-5', 8659963, '984.809.416-0'),
(445, '2020/6/26', NULL, 8659963, '814.624.788-6'),
(446, '2008/2/5', '142.449.996-8', 8785230, '354.145.772-6'),
(447, '2014/12/8', '977.726.507-4', 4178642, '647.633.750-6'),
(448, '2007/3/16', NULL, 5912607, '430.761.691-3'),
(449, '2016/10/25', '867.189.327-7', 4584563, '547.328.921-0'),
(450, '2017/2/16', '763.839.931-6', 5181226, '267.107.375-4'),
(451, '2005/11/11', '293.835.809-3', 5181226, '306.443.602-9'),
(452, '2010/1/22', '866.146.459-8', 6868416, '515.363.445-0'),
(453, '2005/10/9', '125.625.609-9', 5181226, '948.197.913-0'),
(454, '2002/1/1', '740.216.638-6', 6868416, '572.978.453-6'),
(455, '2022/12/23', '464.723.848-3', 8659963, '112.491.188-6'),
(456, '2015/2/17', '133.787.342-1', 4584563, '175.692.388-2'),
(457, '2013/6/22', NULL, 5181226, '412.466.120-6'),
(458, '2011/12/11', '478.126.244-0', 5912607, '959.685.532-2'),
(459, '2017/7/25', '351.765.106-4', 4584563, '267.462.747-1'),
(460, '2004/12/17', NULL, 8659963, '981.648.913-2'),
(461, '2014/11/14', '619.652.313-2', 5181226, '893.581.235-1'),
(462, '2013/6/27', '239.650.230-1', 6868416, '490.181.863-9'),
(463, '2004/8/28', '540.697.601-0', 5404626, '237.205.280-3'),
(464, '2019/12/12', '200.895.896-1', 6750229, '219.913.976-4'),
(465, '2019/9/3', '669.374.295-6', 5912607, '751.872.378-8'),
(466, '2005/10/27', NULL, 5912607, '231.555.885-7'),
(467, '2010/11/1', '173.419.969-1', 5404626, '313.350.343-8'),
(468, '2001/8/20', '506.678.553-9', 4178642, '914.879.345-5'),
(469, '2018/10/11', '925.341.447-2', 5181226, '154.754.567-7'),
(470, '2001/9/18', '323.561.500-6', 5404626, '579.276.138-9'),
(471, '2000/5/1', '713.658.978-5', 5181226, '858.308.673-0'),
(472, '2017/11/2', NULL, 6750229, '638.419.865-5'),
(473, '2013/11/2', '208.316.604-8', 6868416, '335.753.313-5'),
(474, '2016/1/1', '405.346.142-0', 4178642, '717.449.519-5'),
(475, '2021/10/13', '607.691.226-3', 4178642, '455.857.995-3'),
(476, '2011/6/2', '705.334.107-3', 3846725, '283.534.775-8'),
(477, '2014/1/31', NULL, 5181226, '213.904.563-6'),
(478, '2002/2/16', NULL, 8659963, '921.468.969-0'),
(479, '2018/10/22', NULL, 6868416, '190.601.579-7'),
(480, '2005/11/9', '516.762.243-9', 4584563, '101.318.627-8'),
(481, '2020/1/20', '341.513.144-3', 5404626, '120.931.643-9'),
(482, '2016/5/27', '996.975.953-7', 3846725, '329.878.676-2'),
(483, '2021/4/8', '695.659.210-2', 5912607, '195.126.483-6'),
(484, '2015/2/22', '268.458.436-8', 8785230, '925.952.208-9'),
(485, '2003/9/11', '590.277.978-7', 6868416, '896.380.423-7'),
(486, '2013/9/6', NULL, 4074795, '239.484.236-8'),
(487, '2016/7/13', '552.489.656-2', 5912607, '405.706.956-6'),
(488, '2006/3/23', NULL, 4584563, '290.127.268-2'),
(489, '2021/12/4', '256.980.590-6', 5912607, '449.297.529-8'),
(490, '2017/3/28', '798.305.492-0', 4178642, '781.783.821-8'),
(491, '2008/12/24', '967.168.294-5', 3846725, '598.422.881-6'),
(492, '2012/6/4', '333.883.377-1', 6750229, '665.921.437-1'),
(493, '2016/12/30', NULL, 6868416, '533.330.686-5'),
(494, '2001/4/29', NULL, 4074795, '945.566.855-3'),
(495, '2004/11/2', NULL, 6868416, '132.909.980-3'),
(496, '2014/4/20', NULL, 3846725, '260.843.715-1'),
(497, '2015/10/11', NULL, 5912607, '846.529.763-2'),
(498, '2009/2/24', NULL, 8785230, '985.594.484-5'),
(499, '2008/7/27', '718.854.825-1', 8785230, '167.922.996-5'),
(500, '2022/6/21', '559.569.968-5', 8659963, '562.429.237-5'),
(501, '2004/6/7', NULL, 8785230, '439.222.116-1'),
(502, '2019/12/24', '889.819.593-1', 5912607, '365.963.711-8'),
(503, '2001/1/26', '431.255.495-9', 4584563, '107.819.575-7'),
(504, '2020/3/22', '876.383.355-4', 4584563, '610.107.782-0'),
(505, '2008/2/12', '479.365.832-2', 6873756, '848.575.738-8'),
(506, '2021/3/3', '888.325.617-8', 4074795, '638.419.865-5'),
(507, '2012/7/25', '594.517.542-0', 5181226, '778.915.656-8'),
(508, '2009/5/11', NULL, 3846725, '803.777.536-5'),
(509, '2007/7/26', '908.915.264-3', 3846725, '685.181.388-5'),
(510, '2004/3/4', '300.515.537-5', 3465726, '663.312.431-1'),
(511, '2000/5/12', '783.772.580-1', 4178642, '559.309.374-0'),
(512, '2004/2/25', '810.836.547-8', 5404626, '211.277.847-5'),
(513, '2014/1/30', '975.551.266-9', 6868416, '753.188.711-3'),
(514, '2002/8/9', '577.356.779-3', 6750229, '113.308.760-6'),
(515, '2008/12/18', '434.403.898-2', 5912607, '742.726.246-0'),
(516, '2005/2/25', '195.370.464-6', 3465726, '660.213.657-9'),
(517, '2015/11/6', '188.159.640-7', 5404626, '158.451.178-5'),
(518, '2014/9/7', NULL, 6873756, '836.210.176-6'),
(519, '2014/6/30', NULL, 8785230, '961.499.963-8'),
(520, '2003/8/20', '495.680.586-4', 4584563, '129.167.380-7'),
(521, '2013/1/2', '584.882.772-0', 5181226, '270.865.357-0'),
(522, '2017/1/7', '686.718.492-0', 4584563, '828.811.860-8'),
(523, '2018/6/15', '619.652.313-2', 6750229, '965.762.688-0'),
(524, '2013/11/17', '791.284.256-9', 5181226, '213.904.563-6'),
(525, '2001/6/14', NULL, 6868416, '497.748.803-9'),
(526, '2022/6/25', '214.594.523-1', 5181226, '270.438.970-1'),
(527, '2000/5/8', '141.670.686-4', 3465726, '702.676.608-4'),
(528, '2022/4/15', '372.306.713-3', 5912607, '802.810.862-5'),
(529, '2016/8/21', '967.168.294-5', 5912607, '642.955.665-2'),
(530, '2021/5/31', '138.365.246-6', 4584563, '377.800.189-0'),
(531, '2010/4/25', '873.205.564-6', 3465726, '189.432.907-6'),
(532, '2017/2/23', '429.892.286-2', 4074795, '875.430.802-9'),
(533, '2012/6/22', '242.742.697-4', 4074795, '741.759.529-9'),
(534, '2018/10/28', '473.381.608-3', 4074795, '393.856.610-9'),
(535, '2018/4/26', '214.435.698-7', 5404626, '492.469.670-2'),
(536, '2007/7/1', NULL, 3465726, '429.965.227-3'),
(537, '2018/2/21', '867.107.835-8', 5181226, '318.414.530-9'),
(538, '2012/4/2', '218.561.797-3', 5181226, '635.388.910-3'),
(539, '2013/5/11', '332.652.815-6', 6868416, '586.604.157-0'),
(540, '2009/5/24', '890.592.565-4', 8659963, '994.608.354-1'),
(541, '2019/10/17', '816.577.132-3', 4584563, '586.604.157-0'),
(542, '2022/7/11', '883.870.426-0', 6868416, '864.570.612-7'),
(543, '2002/7/13', '876.903.575-2', 6750229, '113.308.760-6'),
(544, '2004/3/4', '654.461.965-9', 6868416, '932.258.463-6'),
(545, '2003/8/7', '955.192.672-5', 6873756, '312.660.959-4'),
(546, '2001/12/7', '796.512.759-5', 8785230, '975.226.361-9'),
(547, '2014/8/1', '337.910.647-2', 4178642, '596.292.395-9'),
(548, '2017/3/19', '220.534.743-8', 6868416, '227.675.273-7'),
(549, '2020/5/18', '220.299.456-7', 4178642, '702.117.611-7'),
(550, '2022/4/19', '655.597.203-8', 5912607, '521.757.364-7'),
(551, '2003/6/3', '534.282.364-3', 6750229, '207.295.459-3'),
(552, '2002/11/19', '892.755.491-7', 4178642, '859.863.110-7'),
(553, '2008/2/2', '133.241.202-3', 4074795, '589.682.787-8'),
(554, '2009/2/7', '336.880.739-4', 6868416, '713.758.620-4'),
(555, '2015/6/1', '158.929.161-0', 6873756, '542.226.880-5'),
(556, '2006/9/3', '935.965.490-8', 5181226, '131.174.819-4'),
(557, '2005/11/17', '304.217.345-9', 6750229, '987.713.219-1'),
(558, '2003/10/2', '875.229.618-2', 4584563, '835.322.967-2'),
(559, '2012/7/8', '293.394.651-0', 3846725, '222.299.923-6'),
(560, '2002/2/7', '638.884.130-9', 4584563, '481.176.657-6'),
(561, '2018/9/2', '710.565.602-6', 8659963, '567.441.922-1'),
(562, '2008/3/25', '455.343.412-3', 8659963, '236.754.203-6'),
(563, '2020/8/26', NULL, 8785230, '112.493.846-2'),
(564, '2000/8/24', '541.360.769-9', 4074795, '274.497.462-9'),
(565, '2005/11/26', '339.908.324-2', 8785230, '100.764.341-3'),
(566, '2016/4/21', NULL, 8659963, '693.344.697-1'),
(567, '2012/11/15', NULL, 4178642, '771.405.748-4'),
(568, '2005/9/23', '568.826.568-4', 6868416, '313.350.343-8'),
(569, '2015/11/15', '882.998.399-8', 6868416, '579.276.138-9'),
(570, '2015/4/5', NULL, 5404626, '235.390.787-4'),
(571, '2011/4/15', '996.975.953-7', 6750229, '988.531.522-7'),
(572, '2021/2/18', '791.318.967-3', 5181226, '788.554.602-2'),
(573, '2013/10/23', '815.410.143-4', 4584563, '510.737.186-5'),
(574, '2003/7/13', '607.255.959-0', 3846725, '403.340.342-1'),
(575, '2007/2/12', '791.284.256-9', 5181226, '522.582.440-7'),
(576, '2009/10/31', '838.948.303-2', 5181226, '154.403.915-9'),
(577, '2002/5/17', '462.423.112-3', 5181226, '702.676.608-4'),
(578, '2017/3/22', '513.981.406-8', 5404626, '238.131.965-1'),
(579, '2006/6/30', NULL, 8659963, '638.419.865-5'),
(580, '2017/8/31', '857.638.322-9', 6750229, '308.317.329-4'),
(581, '2018/5/28', '383.774.909-5', 8659963, '690.391.857-1'),
(582, '2017/4/28', '482.859.263-9', 6868416, '430.761.691-3'),
(583, '2022/7/9', '870.518.278-6', 3846725, '295.851.896-4'),
(584, '2001/1/7', '531.321.249-0', 5181226, '992.185.634-3'),
(585, '2011/11/6', '429.355.796-4', 3846725, '521.757.364-7'),
(586, '2015/3/2', '519.777.949-3', 8785230, '540.683.416-5'),
(587, '2008/7/18', '730.527.275-7', 4178642, '511.401.925-6'),
(588, '2011/4/5', '264.765.643-4', 6750229, '600.760.779-5'),
(589, '2022/10/11', '629.152.801-2', 4178642, '167.922.996-5'),
(590, '2009/3/24', '404.885.885-8', 6868416, '832.882.879-3'),
(591, '2006/5/5', NULL, 5912607, '846.850.288-2'),
(592, '2006/4/20', '954.382.318-8', 3465726, '101.514.172-5'),
(593, '2000/3/5', '256.756.696-7', 6868416, '826.908.982-3'),
(594, '2012/10/7', '413.457.546-9', 4584563, '376.324.201-2'),
(595, '2003/1/20', '348.895.978-1', 5912607, '702.117.611-7'),
(596, '2007/4/3', '941.208.942-6', 4178642, '256.963.346-5'),
(597, '2011/12/24', NULL, 8659963, '485.861.280-1'),
(598, '2017/5/12', '647.911.468-7', 3846725, '412.466.120-6'),
(599, '2009/2/4', '821.804.588-2', 8785230, '504.939.634-0'),
(600, '2009/4/3', '332.652.815-6', 6750229, '484.117.683-7'),
(601, '2018/9/16', '261.625.988-4', 5404626, '959.685.532-2'),
(602, '2001/11/15', '250.578.611-6', 4074795, '550.395.114-5'),
(603, '2000/3/31', NULL, 3465726, '843.960.420-9'),
(604, '2006/11/7', NULL, 8659963, '171.468.428-6'),
(605, '2021/2/5', '830.702.948-0', 3465726, '109.409.460-1'),
(606, '2016/12/23', '770.746.351-8', 5404626, '262.637.825-1'),
(607, '2018/2/13', NULL, 6868416, '270.438.970-1'),
(608, '2011/7/12', '388.465.172-3', 8785230, '115.567.367-9'),
(609, '2006/12/23', '902.714.577-8', 6868416, '613.276.760-1'),
(610, '2005/9/29', '592.311.620-0', 4584563, '391.692.190-5'),
(611, '2008/3/10', '634.732.567-1', 4584563, '917.761.871-4'),
(612, '2000/6/11', '838.948.303-2', 5404626, '917.761.871-4'),
(613, '2020/9/5', '107.105.704-2', 4074795, '480.786.461-6'),
(614, '2019/11/6', '908.252.106-9', 5404626, '216.538.514-1'),
(615, '2015/1/29', '701.547.541-7', 5181226, '556.142.225-6'),
(616, '2012/7/10', '311.692.965-6', 4074795, '484.117.683-7'),
(617, '2001/3/20', '813.192.229-2', 6750229, '972.555.816-2'),
(618, '2021/1/28', '496.831.708-1', 6750229, '678.442.305-7'),
(619, '2017/1/11', '628.782.513-5', 5912607, '384.966.745-9'),
(620, '2001/12/28', NULL, 6750229, '567.441.922-1'),
(621, '2020/9/22', '881.940.435-8', 8659963, '837.679.854-7'),
(622, '2003/4/7', '235.960.865-7', 8785230, '807.620.463-8'),
(623, '2015/4/10', '552.489.656-2', 5912607, '990.118.100-7'),
(624, '2014/6/18', '785.633.168-8', 5912607, '960.337.195-7'),
(625, '2022/10/23', '593.567.351-2', 5404626, '121.372.191-0'),
(626, '2009/10/10', '799.218.639-3', 5912607, '725.950.110-6'),
(627, '2021/9/24', '786.225.437-5', 4178642, '700.292.734-7'),
(628, '2020/10/8', '897.129.772-6', 4584563, '628.689.721-8'),
(629, '2007/4/27', '304.651.599-9', 3846725, '804.502.980-1'),
(630, '2013/1/26', '539.988.846-8', 6873756, '686.739.887-4'),
(631, '2015/2/13', NULL, 6750229, '642.489.165-6'),
(632, '2001/5/20', '972.454.946-4', 5912607, '239.484.236-8'),
(633, '2007/9/10', '717.450.916-4', 5912607, '962.786.397-8'),
(634, '2005/12/4', '253.731.490-3', 4178642, '798.930.387-0'),
(635, '2021/1/18', '410.613.529-8', 6750229, '312.660.959-4'),
(636, '2006/8/2', '572.166.991-5', 4178642, '717.106.579-9'),
(637, '2017/4/23', '735.555.810-2', 8785230, '549.220.297-6'),
(638, '2009/6/27', '180.234.264-6', 4074795, '998.379.976-0'),
(639, '2000/3/22', '621.391.456-6', 3465726, '274.497.462-9'),
(640, '2020/8/27', NULL, 8785230, '107.688.969-2'),
(641, '2012/12/1', NULL, 4178642, '972.555.816-2'),
(642, '2006/9/15', NULL, 3465726, '518.449.674-5'),
(643, '2021/10/15', '616.899.213-7', 5912607, '493.397.558-9'),
(644, '2008/6/30', NULL, 4178642, '651.714.407-7'),
(645, '2012/7/31', '686.718.492-0', 5404626, '693.344.697-1'),
(646, '2011/12/30', NULL, 4074795, '696.651.626-8'),
(647, '2005/8/21', '936.498.730-6', 5912607, '532.551.247-3'),
(648, '2011/3/19', NULL, 6873756, '267.107.375-4'),
(649, '2000/2/28', '442.615.655-5', 3846725, '540.420.646-8'),
(650, '2009/12/31', '321.181.704-8', 4074795, '581.499.806-5'),
(651, '2022/6/27', '356.176.785-9', 3465726, '982.302.638-0'),
(652, '2008/10/13', NULL, 4584563, '136.467.747-3'),
(653, '2018/9/28', '642.971.225-3', 4584563, '741.759.529-9'),
(654, '2018/4/17', '557.922.600-4', 5404626, '305.851.813-7'),
(655, '2001/7/7', '854.277.947-5', 6868416, '283.534.775-8'),
(656, '2021/12/16', '143.636.733-6', 4074795, '354.979.402-1'),
(657, '2012/5/24', '888.325.617-8', 3465726, '681.387.285-2'),
(658, '2020/7/11', '880.341.102-3', 6868416, '767.149.669-0'),
(659, '2005/8/31', '285.279.265-2', 3846725, '684.476.625-2'),
(660, '2004/2/18', '590.277.978-7', 3846725, '658.871.198-4'),
(661, '2018/7/14', '811.450.374-1', 3465726, '391.692.190-5'),
(662, '2016/1/29', NULL, 5181226, '393.388.262-8'),
(663, '2001/10/20', '701.111.829-0', 8785230, '439.222.116-1'),
(664, '2021/1/29', '561.105.761-9', 5912607, '939.748.765-2'),
(665, '2015/12/26', '395.802.973-5', 3465726, '987.713.219-1'),
(666, '2000/10/13', NULL, 5404626, '783.542.718-9'),
(667, '2016/12/17', '342.649.811-8', 4074795, '428.103.478-6'),
(668, '2009/12/23', NULL, 3846725, '370.104.744-8'),
(669, '2022/6/9', '420.940.561-2', 5404626, '963.101.829-2'),
(670, '2002/10/18', '561.105.761-9', 4584563, '405.472.246-7'),
(671, '2018/12/26', '264.765.643-4', 3846725, '231.555.885-7'),
(672, '2002/11/3', '296.710.644-2', 6750229, '171.468.428-6'),
(673, '2022/5/22', '330.592.837-3', 6750229, '235.390.787-4'),
(674, '2012/1/25', '880.406.652-5', 3846725, '950.223.967-5'),
(675, '2002/4/25', '182.505.714-9', 8785230, '795.917.511-0'),
(676, '2004/11/19', '120.716.351-4', 4178642, '238.131.965-1'),
(677, '2015/12/7', NULL, 6873756, '535.219.643-6'),
(678, '2015/4/28', NULL, 8659963, '169.731.687-6'),
(679, '2003/3/26', NULL, 5912607, '486.348.796-2'),
(680, '2014/4/2', '767.283.747-9', 8659963, '258.856.803-4'),
(681, '2018/12/11', '341.513.144-3', 4178642, '135.123.559-0'),
(682, '2003/7/5', NULL, 6868416, '722.100.170-6'),
(683, '2012/3/7', '425.366.645-6', 4584563, '154.934.583-5'),
(684, '2013/4/3', '859.814.458-7', 8785230, '702.676.608-4'),
(685, '2002/8/27', '340.382.915-8', 4178642, '169.731.687-6'),
(686, '2006/3/13', '356.470.668-5', 6868416, '981.648.913-2'),
(687, '2009/8/15', NULL, 5181226, '134.187.455-5'),
(688, '2003/7/11', NULL, 3465726, '469.362.511-1'),
(689, '2012/5/5', NULL, 8659963, '831.262.917-4'),
(690, '2017/6/25', '575.616.496-6', 3846725, '812.472.224-1'),
(691, '2012/5/2', NULL, 5912607, '349.701.956-8'),
(692, '2017/6/13', '704.696.551-6', 4584563, '222.299.923-6'),
(693, '2020/2/8', '889.819.593-1', 3846725, '730.170.726-9'),
(694, '2014/4/25', '769.534.154-8', 5181226, '197.251.145-3'),
(695, '2003/9/29', '652.399.790-4', 6868416, '219.291.723-7'),
(696, '2009/12/24', '686.718.492-0', 3846725, '329.149.414-0'),
(697, '2020/1/23', '621.361.147-0', 3846725, '397.532.143-0'),
(698, '2008/5/18', '888.325.617-8', 4074795, '439.138.859-5'),
(699, '2016/5/2', '275.548.671-4', 8785230, '961.499.963-8'),
(700, '2018/5/22', '321.967.667-5', 4584563, '207.130.418-7'),
(701, '2008/6/17', '125.625.609-9', 5181226, '808.722.868-8'),
(702, '2019/11/20', '641.913.244-3', 4584563, '863.221.222-7'),
(703, '2017/3/11', '110.717.764-3', 4074795, '229.148.823-4'),
(704, '2008/11/5', '183.829.917-9', 8785230, '640.139.111-7'),
(705, '2018/12/20', '151.531.773-1', 4178642, '550.775.434-0'),
(706, '2000/12/14', '554.493.667-3', 4584563, '154.754.567-7'),
(707, '2007/1/14', '236.911.407-8', 3465726, '546.798.562-4'),
(708, '2007/6/11', '761.375.301-9', 8785230, '127.264.314-0'),
(709, '2002/2/3', '214.594.523-1', 3846725, '250.213.408-1'),
(710, '2019/7/29', NULL, 6868416, '960.449.760-1'),
(711, '2004/6/5', '638.884.130-9', 5404626, '329.277.685-8'),
(712, '2019/9/18', '875.229.618-2', 3465726, '596.866.164-5'),
(713, '2020/1/25', '730.557.579-8', 5181226, '360.871.909-1'),
(714, '2001/11/21', '535.218.713-7', 8785230, '788.554.602-2'),
(715, '2003/7/2', '304.217.345-9', 5912607, '308.317.329-4'),
(716, '2004/9/28', '685.962.805-7', 3465726, '113.910.798-0'),
(717, '2011/12/24', '231.236.219-3', 6868416, '145.808.472-8'),
(718, '2001/5/18', '407.733.624-0', 6873756, '376.382.615-1'),
(719, '2004/6/15', '236.911.407-8', 4178642, '240.483.786-6'),
(720, '2009/1/8', NULL, 3846725, '515.363.445-0'),
(721, '2006/2/14', '655.667.278-8', 3846725, '610.107.782-0'),
(722, '2014/2/4', '997.359.729-5', 8785230, '767.149.669-0'),
(723, '2000/2/27', '769.534.154-8', 5404626, '724.848.414-4'),
(724, '2007/1/27', '800.410.900-3', 3465726, '848.901.961-5'),
(725, '2022/7/21', '709.476.321-1', 5912607, '725.950.110-6'),
(726, '2022/6/7', NULL, 5181226, '586.759.399-5'),
(727, '2007/3/15', NULL, 8659963, '807.620.463-8'),
(728, '2010/7/29', '263.927.112-2', 6873756, '753.188.711-3'),
(729, '2019/1/10', '972.454.946-4', 3846725, '193.299.771-0'),
(730, '2004/7/15', '315.173.927-1', 8659963, '161.540.614-8'),
(731, '2013/9/19', '908.252.106-9', 5181226, '246.460.766-9'),
(732, '2017/6/10', NULL, 4178642, '357.107.471-9'),
(733, '2007/4/9', '823.133.507-8', 6750229, '464.779.309-5'),
(734, '2017/6/23', NULL, 8785230, '613.331.504-4'),
(735, '2010/6/13', '771.161.536-9', 4584563, '669.132.479-0'),
(736, '2020/2/7', '244.873.179-8', 8785230, '537.568.954-3'),
(737, '2004/1/13', '296.680.519-0', 6750229, '738.751.451-8'),
(738, '2013/12/26', '446.324.490-5', 4178642, '859.142.329-8'),
(739, '2008/3/16', '594.617.686-9', 6750229, '138.465.338-3'),
(740, '2005/4/30', '771.545.875-8', 4584563, '793.119.504-7'),
(741, '2007/9/6', NULL, 5181226, '132.512.494-4'),
(742, '2000/3/7', '999.803.887-9', 4074795, '237.205.280-3'),
(743, '2014/3/24', NULL, 4584563, '480.387.541-0'),
(744, '2020/9/14', '686.436.981-0', 6873756, '882.235.339-9'),
(745, '2021/11/24', '613.804.236-5', 6873756, '695.589.631-7'),
(746, '2001/10/28', '208.316.604-8', 6868416, '233.445.814-3'),
(747, '2022/1/7', NULL, 3846725, '588.452.168-7'),
(748, '2009/3/1', '263.927.112-2', 5912607, '480.387.541-0'),
(749, '2019/4/25', '445.933.178-9', 4584563, '909.787.108-3'),
(750, '2015/1/13', NULL, 4178642, '305.851.813-7'),
(751, '2010/2/16', '839.204.906-6', 5404626, '502.191.118-2'),
(752, '2000/3/5', '268.458.436-8', 6750229, '502.191.118-2'),
(753, '2020/2/28', '513.434.151-1', 5912607, '547.328.921-0'),
(754, '2010/11/5', NULL, 5912607, '312.660.959-4'),
(755, '2014/6/23', NULL, 4074795, '992.266.581-7'),
(756, '2007/10/1', '682.319.924-1', 3846725, '550.775.434-0'),
(757, '2007/2/6', NULL, 6868416, '301.983.602-3'),
(758, '2004/12/24', '905.313.415-6', 6750229, '533.173.386-5'),
(759, '2019/4/18', '268.821.631-6', 3465726, '844.246.277-7'),
(760, '2017/10/6', NULL, 6868416, '288.176.961-7'),
(761, '2018/7/9', NULL, 3846725, '830.961.214-4'),
(762, '2019/5/9', '334.452.508-4', 8659963, '156.887.464-2'),
(763, '2016/7/3', '146.397.314-4', 4074795, '867.497.375-1'),
(764, '2000/5/28', NULL, 3465726, '796.833.983-2'),
(765, '2005/1/19', NULL, 3465726, '708.610.845-0'),
(766, '2013/11/12', '618.472.874-9', 4074795, '376.382.615-1'),
(767, '2020/12/12', '664.127.658-9', 4074795, '335.936.695-8'),
(768, '2018/9/6', '881.940.435-8', 6873756, '280.903.163-4'),
(769, '2021/9/29', '352.245.782-8', 5912607, '684.476.625-2'),
(770, '2015/7/25', '920.424.305-3', 4584563, '329.149.414-0'),
(771, '2012/1/15', '470.812.958-9', 5404626, '439.395.706-7'),
(772, '2011/10/23', NULL, 6873756, '312.660.959-4'),
(773, '2015/6/22', '479.365.832-2', 3846725, '546.798.562-4'),
(774, '2008/4/29', '557.962.402-5', 3465726, '614.836.235-3'),
(775, '2017/3/7', '993.762.179-4', 5404626, '639.706.407-2'),
(776, '2001/11/2', '597.992.571-1', 8659963, '324.653.782-5'),
(777, '2019/3/12', '590.838.764-3', 8659963, '706.404.210-1'),
(778, '2013/8/13', '946.846.497-8', 3846725, '730.170.726-9'),
(779, '2009/10/9', '290.947.710-5', 4178642, '391.476.603-6'),
(780, '2010/12/24', '580.549.999-5', 4074795, '495.172.635-6'),
(781, '2007/8/5', '943.335.284-2', 6873756, '717.449.519-5'),
(782, '2013/5/9', '573.569.899-3', 6868416, '236.754.203-6'),
(783, '2005/2/23', NULL, 4178642, '268.880.454-9'),
(784, '2019/11/14', '140.816.499-0', 6868416, '180.163.124-3'),
(785, '2019/7/30', '593.745.330-2', 5181226, '795.145.892-4'),
(786, '2020/12/5', '908.915.264-3', 5912607, '830.882.556-8'),
(787, '2010/3/15', '856.898.465-5', 5912607, '895.702.939-9'),
(788, '2004/3/21', NULL, 8785230, '220.199.819-7'),
(789, '2014/1/31', '950.630.813-8', 6873756, '579.374.221-0'),
(790, '2000/11/29', '686.718.492-0', 5404626, '316.723.175-4'),
(791, '2001/12/7', '628.579.779-5', 5912607, '163.555.378-5'),
(792, '2006/11/27', '480.707.586-4', 3846725, '546.798.562-4'),
(793, '2019/2/17', '182.308.281-6', 8659963, '113.910.798-0'),
(794, '2019/3/2', '124.130.356-7', 3846725, '925.952.208-9'),
(795, '2003/3/31', NULL, 4074795, '989.459.698-2'),
(796, '2014/10/6', '701.942.996-1', 4074795, '798.707.161-5'),
(797, '2011/2/21', '735.627.134-8', 5181226, '839.196.208-3'),
(798, '2018/7/16', NULL, 4584563, '590.251.829-2'),
(799, '2005/4/27', '830.702.948-0', 4074795, '793.119.504-7'),
(800, '2015/8/2', NULL, 6873756, '597.985.659-4');


insert into sangue (id_doacao, quantidade) values
(1, 452),
(3, 423),
(4, 421),
(5, 422),
(10, 425),
(11, 438),
(12, 468),
(14, 438),
(15, 451),
(18, 468),
(20, 427),
(21, 465),
(23, 432),
(25, 454),
(26, 422),
(29, 425),
(30, 428),
(33, 444),
(37, 466),
(39, 426),
(40, 438),
(41, 453),
(42, 463),
(46, 443),
(47, 462),
(51, 445),
(52, 467),
(54, 467),
(57, 438),
(59, 451),
(61, 441),
(62, 443),
(64, 438),
(67, 467),
(69, 459),
(71, 440),
(73, 462),
(77, 424),
(79, 467),
(80, 465),
(83, 466),
(86, 470),
(88, 438),
(93, 429),
(95, 437),
(96, 435),
(97, 465),
(98, 459),
(99, 464),
(103, 447),
(105, 458),
(108, 429),
(110, 464),
(111, 449),
(112, 427),
(113, 429),
(117, 467),
(120, 440),
(121, 449),
(124, 446),
(127, 438),
(128, 452),
(131, 453),
(132, 431),
(133, 456),
(135, 449),
(136, 448),
(138, 433),
(140, 456),
(141, 458),
(142, 449),
(144, 442),
(146, 436),
(147, 424),
(150, 429),
(152, 460),
(154, 460),
(155, 433),
(156, 469),
(158, 426),
(159, 463),
(160, 438),
(162, 423),
(163, 458),
(168, 442),
(170, 455),
(175, 455),
(177, 458),
(181, 467),
(182, 456),
(186, 431),
(188, 426),
(191, 463),
(192, 453),
(194, 428),
(196, 423),
(197, 431),
(198, 420),
(200, 459),
(201, 458),
(202, 467),
(205, 448),
(206, 437),
(208, 467),
(211, 470),
(212, 454),
(213, 424),
(214, 455),
(217, 428),
(218, 455),
(226, 444),
(227, 429),
(228, 463),
(229, 427),
(230, 432),
(232, 434),
(234, 463),
(237, 444),
(239, 451),
(240, 464),
(241, 446),
(243, 424),
(246, 442),
(247, 450),
(248, 420),
(250, 470),
(251, 438),
(254, 446),
(258, 434),
(259, 439),
(260, 420),
(264, 470),
(267, 441),
(271, 439),
(272, 458),
(275, 422),
(276, 442),
(278, 423),
(279, 446),
(280, 466),
(283, 465),
(285, 425),
(286, 467),
(288, 440),
(289, 453),
(291, 445),
(292, 465),
(294, 423),
(295, 428),
(296, 429),
(298, 430),
(299, 452),
(303, 429),
(310, 451),
(313, 460),
(315, 437),
(317, 461),
(318, 436),
(320, 448),
(323, 457),
(327, 449),
(328, 469),
(329, 469),
(333, 451),
(335, 466),
(339, 447),
(341, 445),
(342, 435),
(348, 470),
(349, 426),
(350, 437),
(351, 429),
(352, 467),
(355, 425),
(356, 445),
(357, 453),
(358, 450),
(360, 437),
(362, 450),
(366, 427),
(367, 449),
(369, 430),
(370, 421),
(371, 422),
(372, 438),
(373, 423),
(375, 420),
(379, 453),
(380, 423),
(381, 430),
(382, 439),
(383, 443),
(385, 444),
(386, 443),
(390, 462),
(393, 449),
(394, 429),
(395, 421),
(397, 422),
(399, 464),
(401, 450),
(402, 446),
(403, 454),
(404, 446),
(405, 459),
(406, 434),
(408, 434),
(409, 467),
(411, 436),
(412, 462),
(413, 460),
(414, 432),
(415, 454),
(420, 452),
(423, 422),
(427, 445),
(429, 445),
(430, 449),
(431, 468),
(432, 431),
(433, 458),
(434, 422),
(435, 445),
(440, 437),
(441, 461),
(443, 436),
(445, 464),
(446, 470),
(447, 442),
(449, 429),
(453, 422),
(454, 467),
(456, 422),
(458, 459),
(459, 424),
(461, 426),
(462, 466),
(466, 456),
(467, 452),
(469, 425),
(474, 449),
(475, 425),
(476, 458),
(477, 464),
(478, 454),
(481, 438),
(483, 422),
(484, 468),
(485, 468),
(489, 425),
(490, 425),
(491, 455),
(492, 455),
(493, 439),
(494, 426),
(495, 468),
(496, 456),
(500, 450),
(501, 424),
(502, 444),
(503, 441),
(507, 454),
(508, 468),
(509, 462),
(511, 447),
(512, 457),
(513, 445),
(515, 439),
(516, 431),
(518, 449),
(520, 458),
(522, 461),
(523, 426),
(526, 468),
(529, 460),
(531, 458),
(532, 470),
(533, 430),
(535, 436),
(536, 459),
(538, 465),
(539, 461),
(541, 445),
(542, 428),
(543, 465),
(546, 445),
(547, 427),
(548, 443),
(549, 427),
(552, 437),
(553, 454),
(554, 456),
(555, 427),
(556, 463),
(557, 462),
(558, 442),
(563, 431),
(565, 462),
(566, 424),
(567, 420),
(573, 426),
(577, 436),
(581, 423),
(583, 461),
(584, 437),
(586, 460),
(587, 450),
(588, 427),
(589, 433),
(591, 423),
(592, 441),
(593, 468),
(594, 427),
(599, 426),
(600, 443),
(603, 459),
(604, 426),
(605, 447),
(606, 424),
(609, 443),
(610, 440),
(611, 461),
(614, 431),
(615, 425),
(620, 420),
(622, 426),
(626, 449),
(627, 420),
(630, 439),
(631, 436),
(633, 426),
(636, 421),
(640, 448),
(642, 459),
(645, 454),
(646, 455),
(647, 430),
(649, 439),
(651, 463),
(652, 452),
(653, 428),
(656, 429),
(658, 432),
(659, 420),
(660, 432),
(664, 424),
(667, 436),
(670, 425),
(671, 421),
(675, 421),
(676, 433),
(677, 439),
(679, 452),
(680, 441),
(681, 466),
(682, 433),
(683, 469),
(684, 439),
(686, 442),
(691, 457),
(693, 433),
(695, 454),
(696, 449),
(701, 470),
(703, 455),
(704, 466),
(705, 459),
(706, 463),
(707, 448),
(708, 421),
(709, 457),
(710, 465),
(712, 469),
(715, 431),
(719, 444),
(720, 432),
(721, 459),
(727, 420),
(728, 425),
(731, 445),
(735, 441),
(739, 449),
(740, 423),
(744, 426),
(745, 421),
(748, 458),
(751, 466),
(752, 459),
(753, 445),
(755, 470),
(757, 424),
(758, 468),
(760, 468),
(762, 433),
(763, 464),
(765, 448),
(767, 446),
(772, 428),
(774, 435),
(776, 423),
(778, 451),
(779, 449),
(781, 437),
(782, 447),
(786, 436),
(787, 449),
(789, 453),
(790, 436),
(792, 466),
(794, 443),
(796, 453),
(797, 453),
(799, 466),
(800, 424);


insert into orgao (id_doacao, nome_orgao, status_orgao, tamanho) values
(2, 'Fígado', 'Bom', 13),
(6, 'Intestino delgado', 'Médio', 20),
(7, 'Pâncreas', 'Bom', 16),
(8, 'Coração', 'Bom', 18),
(9, 'Coração', 'Ótimo', 14),
(13, 'Coração', 'Ótimo', 14),
(16, 'Pâncreas', 'Bom', 13),
(17, 'Coração', 'Ótimo', 10),
(19, 'Pulmão', 'Médio', 14),
(22, 'Pulmão', 'Médio', 4),
(24, 'Pulmão', 'Ótimo', 17),
(27, 'Células das ilhotas do Pâncreas', 'Médio', 19),
(28, 'Intestino delgado', 'Ótimo', 5),
(31, 'Intestino delgado', 'Ótimo', 12),
(32, 'Células das ilhotas do Pâncreas', 'Bom', 7),
(34, 'Rim', 'Médio', 9),
(35, 'Rim', 'Ótimo', 19),
(36, 'Pâncreas', 'Médio', 20),
(38, 'Pâncreas', 'Ótimo', 7),
(43, 'Pulmão', 'Ótimo', 19),
(44, 'Pâncreas', 'Médio', 5),
(45, 'Células das ilhotas do Pâncreas', 'Ótimo', 17),
(48, 'Pâncreas', 'Ótimo', 15),
(49, 'Células das ilhotas do Pâncreas', 'Bom', 19),
(50, 'Rim', 'Médio', 17),
(53, 'Coração', 'Bom', 4),
(55, 'Rim', 'Bom', 6),
(56, 'Pâncreas', 'Médio', 17),
(58, 'Pulmão', 'Bom', 9),
(60, 'Pulmão', 'Bom', 12),
(63, 'Pulmão', 'Médio', 12),
(65, 'Células das ilhotas do Pâncreas', 'Ótimo', 5),
(66, 'Coração', 'Ótimo', 5),
(68, 'Coração', 'Ótimo', 8),
(70, 'Rim', 'Médio', 10),
(72, 'Pâncreas', 'Bom', 15),
(74, 'Intestino delgado', 'Ótimo', 11),
(75, 'Pulmão', 'Ótimo', 17),
(76, 'Fígado', 'Médio', 12),
(78, 'Fígado', 'Ótimo', 19),
(81, 'Células das ilhotas do Pâncreas', 'Bom', 11),
(82, 'Pâncreas', 'Médio', 6),
(84, 'Rim', 'Ótimo', 13),
(85, 'Coração', 'Médio', 16),
(87, 'Células das ilhotas do Pâncreas', 'Médio', 15),
(89, 'Pulmão', 'Bom', 20),
(90, 'Intestino delgado', 'Ótimo', 13),
(91, 'Coração', 'Ótimo', 14),
(92, 'Pulmão', 'Médio', 7),
(94, 'Células das ilhotas do Pâncreas', 'Ótimo', 14),
(100, 'Fígado', 'Ótimo', 5),
(101, 'Intestino delgado', 'Bom', 9),
(102, 'Células das ilhotas do Pâncreas', 'Médio', 14),
(104, 'Coração', 'Bom', 15),
(106, 'Rim', 'Bom', 4),
(107, 'Intestino delgado', 'Ótimo', 15),
(109, 'Intestino delgado', 'Ótimo', 8),
(114, 'Células das ilhotas do Pâncreas', 'Bom', 7),
(115, 'Pâncreas', 'Ótimo', 14),
(116, 'Fígado', 'Bom', 13),
(118, 'Intestino delgado', 'Médio', 19),
(119, 'Pulmão', 'Bom', 16),
(122, 'Rim', 'Bom', 19),
(123, 'Coração', 'Ótimo', 10),
(125, 'Intestino delgado', 'Ótimo', 19),
(126, 'Células das ilhotas do Pâncreas', 'Médio', 4),
(129, 'Pâncreas', 'Médio', 10),
(130, 'Intestino delgado', 'Ótimo', 20),
(134, 'Pâncreas', 'Médio', 6),
(137, 'Coração', 'Médio', 12),
(139, 'Pulmão', 'Médio', 7),
(143, 'Células das ilhotas do Pâncreas', 'Médio', 7),
(145, 'Pulmão', 'Médio', 19),
(148, 'Rim', 'Médio', 11),
(149, 'Fígado', 'Bom', 14),
(151, 'Fígado', 'Médio', 10),
(153, 'Fígado', 'Médio', 7),
(157, 'Fígado', 'Bom', 9),
(161, 'Fígado', 'Médio', 15),
(164, 'Fígado', 'Ótimo', 14),
(165, 'Rim', 'Médio', 8),
(166, 'Fígado', 'Bom', 12),
(167, 'Rim', 'Ótimo', 13),
(169, 'Células das ilhotas do Pâncreas', 'Bom', 20),
(171, 'Coração', 'Ótimo', 12),
(172, 'Pulmão', 'Médio', 8),
(173, 'Intestino delgado', 'Ótimo', 14),
(174, 'Pâncreas', 'Bom', 4),
(176, 'Intestino delgado', 'Médio', 13),
(178, 'Rim', 'Bom', 19),
(179, 'Coração', 'Ótimo', 8),
(180, 'Rim', 'Bom', 17),
(183, 'Células das ilhotas do Pâncreas', 'Ótimo', 11),
(184, 'Pulmão', 'Bom', 17),
(185, 'Rim', 'Bom', 20),
(187, 'Pâncreas', 'Bom', 16),
(189, 'Pulmão', 'Bom', 15),
(190, 'Células das ilhotas do Pâncreas', 'Ótimo', 11),
(193, 'Pâncreas', 'Bom', 11),
(195, 'Pulmão', 'Médio', 8),
(199, 'Coração', 'Bom', 15),
(203, 'Coração', 'Bom', 7),
(204, 'Pâncreas', 'Médio', 5),
(207, 'Pulmão', 'Médio', 12),
(209, 'Rim', 'Médio', 15),
(210, 'Pâncreas', 'Bom', 12),
(215, 'Coração', 'Médio', 7),
(216, 'Fígado', 'Ótimo', 14),
(219, 'Coração', 'Bom', 15),
(220, 'Pulmão', 'Médio', 8),
(221, 'Pâncreas', 'Bom', 19),
(222, 'Pâncreas', 'Bom', 9),
(223, 'Fígado', 'Ótimo', 12),
(224, 'Intestino delgado', 'Médio', 10),
(225, 'Intestino delgado', 'Médio', 14),
(231, 'Coração', 'Médio', 9),
(233, 'Rim', 'Ótimo', 12),
(235, 'Fígado', 'Médio', 14),
(236, 'Rim', 'Ótimo', 8),
(238, 'Coração', 'Ótimo', 14),
(242, 'Pulmão', 'Bom', 4),
(244, 'Pulmão', 'Ótimo', 10),
(245, 'Células das ilhotas do Pâncreas', 'Ótimo', 17),
(249, 'Coração', 'Médio', 12),
(252, 'Intestino delgado', 'Médio', 8),
(253, 'Pâncreas', 'Médio', 14),
(255, 'Pulmão', 'Médio', 14),
(256, 'Pâncreas', 'Bom', 7),
(257, 'Fígado', 'Bom', 11),
(261, 'Pâncreas', 'Médio', 18),
(262, 'Intestino delgado', 'Médio', 10),
(263, 'Pâncreas', 'Ótimo', 14),
(265, 'Células das ilhotas do Pâncreas', 'Médio', 9),
(266, 'Células das ilhotas do Pâncreas', 'Bom', 13),
(268, 'Intestino delgado', 'Bom', 5),
(269, 'Fígado', 'Médio', 19),
(270, 'Rim', 'Ótimo', 8),
(273, 'Intestino delgado', 'Médio', 18),
(274, 'Células das ilhotas do Pâncreas', 'Médio', 6),
(277, 'Pulmão', 'Médio', 8),
(281, 'Coração', 'Ótimo', 15),
(282, 'Coração', 'Bom', 7),
(284, 'Células das ilhotas do Pâncreas', 'Médio', 11),
(287, 'Células das ilhotas do Pâncreas', 'Médio', 12),
(290, 'Pâncreas', 'Bom', 12),
(293, 'Coração', 'Ótimo', 14),
(297, 'Células das ilhotas do Pâncreas', 'Médio', 14),
(300, 'Intestino delgado', 'Médio', 20),
(301, 'Células das ilhotas do Pâncreas', 'Ótimo', 15),
(302, 'Fígado', 'Médio', 20),
(304, 'Rim', 'Médio', 11),
(305, 'Coração', 'Bom', 11),
(306, 'Rim', 'Ótimo', 9),
(307, 'Coração', 'Bom', 4),
(308, 'Rim', 'Bom', 10),
(309, 'Pulmão', 'Bom', 20),
(311, 'Coração', 'Ótimo', 13),
(312, 'Intestino delgado', 'Bom', 4),
(314, 'Rim', 'Bom', 19),
(316, 'Rim', 'Ótimo', 4),
(319, 'Fígado', 'Ótimo', 19),
(321, 'Intestino delgado', 'Bom', 12),
(322, 'Células das ilhotas do Pâncreas', 'Bom', 8),
(324, 'Coração', 'Bom', 6),
(325, 'Intestino delgado', 'Ótimo', 17),
(326, 'Pulmão', 'Bom', 4),
(330, 'Células das ilhotas do Pâncreas', 'Ótimo', 19),
(331, 'Rim', 'Médio', 12),
(332, 'Fígado', 'Médio', 5),
(334, 'Células das ilhotas do Pâncreas', 'Médio', 16),
(336, 'Rim', 'Bom', 5),
(337, 'Rim', 'Ótimo', 6),
(338, 'Fígado', 'Ótimo', 8),
(340, 'Rim', 'Médio', 17),
(343, 'Fígado', 'Bom', 19),
(344, 'Coração', 'Ótimo', 19),
(345, 'Pulmão', 'Médio', 4),
(346, 'Pulmão', 'Bom', 9),
(347, 'Células das ilhotas do Pâncreas', 'Bom', 15),
(353, 'Fígado', 'Médio', 5),
(354, 'Fígado', 'Bom', 12),
(359, 'Pâncreas', 'Ótimo', 12),
(361, 'Pâncreas', 'Médio', 8),
(363, 'Pâncreas', 'Ótimo', 15),
(364, 'Intestino delgado', 'Bom', 7),
(365, 'Células das ilhotas do Pâncreas', 'Ótimo', 4),
(368, 'Rim', 'Médio', 9),
(374, 'Rim', 'Bom', 17),
(376, 'Fígado', 'Médio', 8),
(377, 'Pulmão', 'Bom', 16),
(378, 'Células das ilhotas do Pâncreas', 'Bom', 19),
(384, 'Células das ilhotas do Pâncreas', 'Bom', 16),
(387, 'Fígado', 'Médio', 11),
(388, 'Fígado', 'Médio', 9),
(389, 'Pulmão', 'Bom', 12),
(391, 'Coração', 'Bom', 8),
(392, 'Células das ilhotas do Pâncreas', 'Médio', 16),
(396, 'Pulmão', 'Bom', 6),
(398, 'Pâncreas', 'Bom', 18),
(400, 'Células das ilhotas do Pâncreas', 'Médio', 18),
(407, 'Rim', 'Bom', 4),
(410, 'Células das ilhotas do Pâncreas', 'Bom', 18),
(416, 'Pulmão', 'Ótimo', 19),
(417, 'Coração', 'Médio', 9),
(418, 'Pulmão', 'Ótimo', 9),
(419, 'Intestino delgado', 'Médio', 8),
(421, 'Pâncreas', 'Médio', 9),
(422, 'Pulmão', 'Ótimo', 9),
(424, 'Rim', 'Ótimo', 11),
(425, 'Pulmão', 'Ótimo', 8),
(426, 'Rim', 'Bom', 7),
(428, 'Intestino delgado', 'Bom', 8),
(436, 'Fígado', 'Bom', 6),
(437, 'Rim', 'Médio', 9),
(438, 'Pulmão', 'Bom', 13),
(439, 'Rim', 'Médio', 20),
(442, 'Células das ilhotas do Pâncreas', 'Ótimo', 8),
(444, 'Intestino delgado', 'Ótimo', 15),
(448, 'Rim', 'Médio', 6),
(450, 'Coração', 'Bom', 6),
(451, 'Fígado', 'Ótimo', 5),
(452, 'Coração', 'Médio', 13),
(455, 'Intestino delgado', 'Médio', 12),
(457, 'Pâncreas', 'Ótimo', 15),
(460, 'Intestino delgado', 'Médio', 20),
(463, 'Pâncreas', 'Bom', 20),
(464, 'Pulmão', 'Bom', 5),
(465, 'Células das ilhotas do Pâncreas', 'Ótimo', 7),
(468, 'Pulmão', 'Médio', 11),
(470, 'Intestino delgado', 'Bom', 6),
(471, 'Intestino delgado', 'Médio', 5),
(472, 'Rim', 'Bom', 7),
(473, 'Pâncreas', 'Ótimo', 6),
(479, 'Intestino delgado', 'Ótimo', 7),
(480, 'Fígado', 'Médio', 9),
(482, 'Fígado', 'Ótimo', 13),
(486, 'Pulmão', 'Médio', 7),
(487, 'Pulmão', 'Bom', 10),
(488, 'Células das ilhotas do Pâncreas', 'Médio', 5),
(497, 'Células das ilhotas do Pâncreas', 'Bom', 13),
(498, 'Células das ilhotas do Pâncreas', 'Ótimo', 4),
(499, 'Coração', 'Bom', 8),
(504, 'Intestino delgado', 'Médio', 15),
(505, 'Intestino delgado', 'Bom', 19),
(506, 'Fígado', 'Médio', 7),
(510, 'Fígado', 'Médio', 16),
(514, 'Pâncreas', 'Bom', 9),
(517, 'Rim', 'Ótimo', 9),
(519, 'Fígado', 'Médio', 14),
(521, 'Rim', 'Ótimo', 15),
(524, 'Células das ilhotas do Pâncreas', 'Médio', 19),
(525, 'Coração', 'Médio', 16),
(527, 'Fígado', 'Bom', 7),
(528, 'Rim', 'Médio', 13),
(530, 'Pulmão', 'Ótimo', 4),
(534, 'Células das ilhotas do Pâncreas', 'Médio', 14),
(537, 'Intestino delgado', 'Médio', 6),
(540, 'Fígado', 'Ótimo', 11),
(544, 'Rim', 'Médio', 5),
(545, 'Células das ilhotas do Pâncreas', 'Bom', 5),
(550, 'Coração', 'Bom', 7),
(551, 'Pâncreas', 'Ótimo', 15),
(559, 'Fígado', 'Bom', 18),
(560, 'Fígado', 'Médio', 13),
(561, 'Intestino delgado', 'Ótimo', 17),
(562, 'Pâncreas', 'Bom', 10),
(564, 'Pulmão', 'Bom', 4),
(568, 'Rim', 'Médio', 19),
(569, 'Intestino delgado', 'Ótimo', 14),
(570, 'Pulmão', 'Bom', 19),
(571, 'Pâncreas', 'Ótimo', 4),
(572, 'Pulmão', 'Ótimo', 8),
(574, 'Fígado', 'Bom', 9),
(575, 'Rim', 'Bom', 8),
(576, 'Células das ilhotas do Pâncreas', 'Médio', 8),
(578, 'Pâncreas', 'Médio', 14),
(579, 'Fígado', 'Bom', 13),
(580, 'Coração', 'Ótimo', 11),
(582, 'Fígado', 'Ótimo', 18),
(585, 'Pulmão', 'Médio', 13),
(590, 'Pulmão', 'Bom', 14),
(595, 'Intestino delgado', 'Ótimo', 14),
(596, 'Fígado', 'Ótimo', 10),
(597, 'Pulmão', 'Ótimo', 9),
(598, 'Intestino delgado', 'Médio', 9),
(601, 'Rim', 'Bom', 6),
(602, 'Pulmão', 'Ótimo', 4),
(607, 'Intestino delgado', 'Médio', 12),
(608, 'Pulmão', 'Ótimo', 18),
(612, 'Intestino delgado', 'Bom', 5),
(613, 'Pâncreas', 'Ótimo', 16),
(616, 'Rim', 'Médio', 6),
(617, 'Intestino delgado', 'Bom', 16),
(618, 'Fígado', 'Bom', 19),
(619, 'Fígado', 'Médio', 12),
(621, 'Pâncreas', 'Bom', 18),
(623, 'Pulmão', 'Bom', 19),
(624, 'Rim', 'Médio', 8),
(625, 'Intestino delgado', 'Bom', 8),
(628, 'Fígado', 'Bom', 20),
(629, 'Pâncreas', 'Ótimo', 13),
(632, 'Intestino delgado', 'Ótimo', 12),
(634, 'Pulmão', 'Médio', 8),
(635, 'Fígado', 'Ótimo', 18),
(637, 'Coração', 'Bom', 17),
(638, 'Pâncreas', 'Ótimo', 20),
(639, 'Coração', 'Bom', 14),
(641, 'Fígado', 'Bom', 16),
(643, 'Fígado', 'Bom', 10),
(644, 'Fígado', 'Bom', 5),
(648, 'Coração', 'Médio', 13),
(650, 'Fígado', 'Médio', 17),
(654, 'Células das ilhotas do Pâncreas', 'Ótimo', 15),
(655, 'Rim', 'Ótimo', 11),
(657, 'Coração', 'Médio', 14),
(661, 'Células das ilhotas do Pâncreas', 'Médio', 14),
(662, 'Células das ilhotas do Pâncreas', 'Bom', 12),
(663, 'Pulmão', 'Médio', 6),
(665, 'Pulmão', 'Ótimo', 4),
(666, 'Intestino delgado', 'Médio', 13),
(668, 'Intestino delgado', 'Médio', 20),
(669, 'Rim', 'Ótimo', 12),
(672, 'Intestino delgado', 'Ótimo', 6),
(673, 'Pulmão', 'Ótimo', 14),
(674, 'Pulmão', 'Médio', 11),
(678, 'Intestino delgado', 'Médio', 14),
(685, 'Intestino delgado', 'Ótimo', 8),
(687, 'Células das ilhotas do Pâncreas', 'Bom', 14),
(688, 'Intestino delgado', 'Bom', 14),
(689, 'Pâncreas', 'Bom', 19),
(690, 'Pâncreas', 'Ótimo', 20),
(692, 'Células das ilhotas do Pâncreas', 'Ótimo', 7),
(694, 'Intestino delgado', 'Bom', 5),
(697, 'Células das ilhotas do Pâncreas', 'Bom', 15),
(698, 'Pulmão', 'Ótimo', 14),
(699, 'Pulmão', 'Médio', 17),
(700, 'Intestino delgado', 'Médio', 12),
(702, 'Fígado', 'Ótimo', 19),
(711, 'Pâncreas', 'Ótimo', 18),
(713, 'Pulmão', 'Médio', 18),
(714, 'Fígado', 'Ótimo', 15),
(716, 'Intestino delgado', 'Bom', 8),
(717, 'Rim', 'Médio', 12),
(718, 'Pulmão', 'Ótimo', 13),
(722, 'Intestino delgado', 'Ótimo', 18),
(723, 'Intestino delgado', 'Ótimo', 19),
(724, 'Intestino delgado', 'Médio', 6),
(725, 'Coração', 'Ótimo', 8),
(726, 'Coração', 'Médio', 9),
(729, 'Pâncreas', 'Ótimo', 9),
(730, 'Pâncreas', 'Médio', 7),
(732, 'Rim', 'Bom', 13),
(733, 'Intestino delgado', 'Ótimo', 15),
(734, 'Pâncreas', 'Médio', 15),
(736, 'Rim', 'Bom', 6),
(737, 'Pâncreas', 'Bom', 4),
(738, 'Células das ilhotas do Pâncreas', 'Bom', 19),
(741, 'Fígado', 'Bom', 7),
(742, 'Coração', 'Ótimo', 8),
(743, 'Células das ilhotas do Pâncreas', 'Bom', 20),
(746, 'Células das ilhotas do Pâncreas', 'Médio', 15),
(747, 'Pulmão', 'Ótimo', 17),
(749, 'Coração', 'Bom', 10),
(750, 'Coração', 'Ótimo', 16),
(754, 'Pulmão', 'Bom', 6),
(756, 'Pulmão', 'Médio', 11),
(759, 'Pâncreas', 'Médio', 6),
(761, 'Coração', 'Ótimo', 7),
(764, 'Intestino delgado', 'Médio', 9),
(766, 'Coração', 'Bom', 5),
(768, 'Pulmão', 'Ótimo', 15),
(769, 'Coração', 'Bom', 19),
(770, 'Pulmão', 'Médio', 7),
(771, 'Células das ilhotas do Pâncreas', 'Bom', 8),
(773, 'Rim', 'Bom', 16),
(775, 'Pâncreas', 'Ótimo', 8),
(777, 'Fígado', 'Ótimo', 11),
(780, 'Coração', 'Médio', 16),
(783, 'Pâncreas', 'Ótimo', 5),
(784, 'Fígado', 'Bom', 9),
(785, 'Coração', 'Médio', 20),
(788, 'Fígado', 'Bom', 14),
(791, 'Rim', 'Ótimo', 13),
(793, 'Coração', 'Bom', 7),
(795, 'Intestino delgado', 'Médio', 15),
(798, 'Células das ilhotas do Pâncreas', 'Médio', 11);